lp,NazwaAplikacji,NumerModelowy,Wlasciciel,CzasTworzenia,Budzet,LiczbaPobran,CzyAplikacjaJestPlatna,DataWydania,OstatniaAktualizacjaOprogramowania
1,Solarbreeze,8026946270,Loralyn Bruna,496 dni,86192 zł,9317322,false,22.11.2012,12.8.2019
2,Keylex,8979502349,Devi Harrap,794 dni,9684 zł,1486065,false,20.10.2013,7.8.2022
3,Y-find,2465069306,Myranda Dominguez,35 dni,57150 zł,161814,false,24.1.2013,16.12.2019
4,Tampflex,8641662595,Libbie Crossfeld,128 dni,16147 zł,3910192,false,12.7.2014,30.8.2016
5,Tres-Zap,9770847484,Zak McCrillis,196 dni,49559 zł,5516666,true,24.6.2015,20.9.2020
6,Sub-Ex,990605785,Kristofer Tuckey,493 dni,82967 zł,4846217,false,8.7.2015,28.6.2021
7,Veribet,452758508,Willis Essex,567 dni,72460 zł,5632460,true,18.9.2015,7.10.2018
8,Tempsoft,9501895551,Gustavus Burgiss,561 dni,83184 zł,1007688,true,20.12.2012,14.12.2015
9,Biodex,4555375980,Ricky Gitsham,566 dni,89920 zł,3762333,false,19.10.2013,25.8.2019
10,Holdlamis,4631641491,Malia Prisley,849 dni,97994 zł,5074613,false,12.6.2015,20.7.2020
11,Alpha,7844939492,Flemming Filimore,584 dni,77993 zł,6075828,false,5.2.2014,29.7.2017
12,Biodex,2786334655,Bertina Yakovliv,231 dni,63756 zł,2504744,true,1.5.2013,16.9.2020
13,Tampflex,2040256902,Julita Calvard,531 dni,15790 zł,554159,false,3.5.2015,6.9.2019
14,Stim,925723983,Gizela Tweedy,881 dni,6955 zł,4273407,false,9.6.2015,12.6.2020
15,Home Ing,639016460,Hubey Collumbine,45 dni,94363 zł,2374155,true,23.7.2015,27.5.2016
16,Quo Lux,4266923864,Jolene Potzold,720 dni,4971 zł,6040283,false,26.7.2014,12.7.2017
17,Gembucket,9029077153,Rocky Connachan,298 dni,71317 zł,7781112,false,12.11.2013,26.7.2021
18,Vagram,3654788885,Cecil Burnard,834 dni,10233 zł,5755681,false,22.3.2015,22.11.2020
19,Voltsillam,3374636648,Val Cromblehome,485 dni,16406 zł,2558508,true,23.11.2012,2.5.2019
20,Domainer,9347546610,Gabie Gillcrist,594 dni,35204 zł,9584313,true,25.6.2014,2.10.2021
21,Home Ing,3256831289,Cherin Laffan,799 dni,46018 zł,3133569,false,18.7.2015,25.1.2018
22,Andalax,3051565157,Jo-ann Linnell,728 dni,91414 zł,4357429,true,28.12.2014,2.7.2022
23,Voyatouch,5794638322,Leandra Syers,846 dni,5785 zł,6678804,false,26.6.2013,23.4.2016
24,Konklab,59753372,Dannie Waplinton,697 dni,68877 zł,1742233,true,9.7.2013,8.7.2019
25,Latlux,1706463552,Tansy Fillimore,54 dni,47355 zł,4524868,true,5.4.2015,5.7.2021
26,Tampflex,5610351925,Alain Jacomb,344 dni,65693 zł,463204,false,21.8.2014,24.3.2020
27,Hatity,6062776584,Chevalier Dedam,639 dni,45113 zł,8484924,true,22.6.2015,13.4.2020
28,Veribet,3866096671,Livy Odgers,164 dni,6514 zł,5314124,false,22.3.2013,16.5.2017
29,Tres-Zap,9649072171,Gaby Quarterman,94 dni,46722 zł,54497,false,13.1.2015,28.5.2020
30,Viva,1834718488,Shelly Elleray,95 dni,81428 zł,3164072,false,24.9.2014,30.6.2016
31,Trippledex,1202297427,Dyann Khadir,518 dni,49357 zł,3930869,false,23.10.2015,8.4.2017
32,Treeflex,2386579337,Genevra Scrammage,793 dni,4938 zł,282793,true,13.2.2014,8.7.2017
33,Zaam-Dox,6921725155,Arlina Gandy,232 dni,94046 zł,7458026,false,23.9.2014,2.9.2022
34,Greenlam,576081291,Milly Twinberrow,824 dni,51174 zł,360671,true,12.10.2015,11.6.2017
35,Kanlam,3540507493,Hilliard Goodinson,577 dni,95979 zł,3666037,true,2.3.2013,6.2.2017
36,Subin,9723112471,Alecia Abeles,874 dni,1552 zł,2773483,false,7.2.2013,25.3.2022
37,Veribet,5589512534,Evangelin Bowker,302 dni,69042 zł,9599043,true,16.5.2015,1.10.2022
38,Biodex,2818601176,Nissa Alflat,341 dni,67508 zł,6221079,true,2.12.2015,17.6.2020
39,Alphazap,1211145504,Remus Redley,874 dni,2716 zł,9250537,false,2.9.2013,19.12.2017
40,Zontrax,1611321413,Ibrahim Oxenden,192 dni,31780 zł,9384465,true,17.12.2014,26.5.2020
41,Job,4182789566,Baron Jaycocks,883 dni,8632 zł,971772,true,12.5.2015,21.3.2018
42,Tin,3163635803,Toby Carlow,755 dni,90359 zł,140410,false,10.6.2013,5.7.2020
43,Zaam-Dox,8832684120,Smitty Stocky,298 dni,19534 zł,1326757,false,29.10.2015,14.1.2016
44,Sonsing,2451990142,Annaliese Sicily,593 dni,72484 zł,5477064,true,23.5.2014,16.1.2020
45,Opela,1300022324,Analiese Maren,161 dni,19015 zł,8718918,false,11.11.2015,6.1.2021
46,Overhold,1562449812,Meghann Motion,573 dni,12546 zł,8224768,true,2.11.2014,10.7.2018
47,Y-find,4381919569,Marta Cardno,259 dni,94751 zł,2184964,false,12.3.2015,3.8.2018
48,Zathin,3673284676,West Menier,393 dni,68330 zł,6138416,false,5.4.2015,12.8.2021
49,Alphazap,2617456161,Misti Grund,802 dni,36351 zł,510021,true,3.7.2014,29.10.2020
50,It,3918453792,Cordy Foltin,26 dni,54611 zł,506338,true,18.6.2013,28.1.2020
51,Bytecard,2325776365,Bo Alexandersson,597 dni,53446 zł,3284819,true,18.10.2013,21.5.2016
52,Overhold,5693354595,Dannel Alvarado,323 dni,68185 zł,8153797,false,1.3.2013,13.1.2018
53,Span,5786118922,Kip Brake,32 dni,42119 zł,6483443,false,5.8.2015,28.7.2016
54,Otcom,2413436433,Aron Laven,222 dni,3136 zł,5313637,false,14.7.2015,15.10.2022
55,Otcom,2905004720,Eziechiele Stores,302 dni,66120 zł,5822315,false,26.2.2014,5.2.2016
56,Overhold,7785348492,Bern Ebben,240 dni,86864 zł,1009604,true,5.3.2013,8.7.2020
57,Y-find,445800485,Courtnay Boosey,682 dni,44358 zł,5206942,true,11.10.2013,11.4.2016
58,Voyatouch,2965416308,Ignazio Kirvin,694 dni,33369 zł,1059849,true,22.6.2015,8.10.2022
59,Sub-Ex,8446120750,Kellina Osgar,437 dni,55557 zł,8123199,false,23.8.2014,23.12.2016
60,Quo Lux,126580643,Rollin Conti,454 dni,23710 zł,1809606,true,2.7.2015,25.3.2022
61,It,8824540538,Doloritas Hoyt,590 dni,95030 zł,3955480,false,18.8.2012,2.4.2017
62,Y-Solowarm,9357957879,Cart Hearst,349 dni,18136 zł,2987587,false,24.6.2014,31.8.2020
63,Sub-Ex,5388034185,Archie Boulding,725 dni,80342 zł,4321028,false,27.12.2013,31.12.2020
64,Transcof,8950166387,Lorelei Muttock,797 dni,2512 zł,9450881,false,3.7.2013,18.12.2017
65,Span,3386626986,Gerianne Rulton,580 dni,15139 zł,7773149,true,17.1.2015,12.5.2017
66,Cardify,4317064421,Horatia Crowcombe,567 dni,39893 zł,9014977,false,30.12.2013,27.8.2019
67,Transcof,3011165159,Krisha Hemphall,681 dni,10227 zł,5724509,false,12.11.2013,2.3.2022
68,Bytecard,5573352368,Charin Lisciandri,82 dni,29172 zł,2263090,false,24.6.2014,24.5.2022
69,Subin,4354351164,Blondelle Langtry,392 dni,59544 zł,9037984,true,24.1.2014,22.10.2022
70,Veribet,3057465355,Xylia Bleiman,113 dni,98016 zł,2928688,true,12.2.2014,19.4.2018
71,Cardguard,9489052884,Dino Key,218 dni,94092 zł,9125316,true,22.5.2015,3.4.2020
72,Latlux,5232211320,Jyoti Haggart,749 dni,63317 zł,2628367,false,9.3.2014,25.4.2020
73,Viva,7189278736,Bessie Billo,185 dni,56303 zł,1200587,false,11.8.2013,1.10.2020
74,Keylex,3302437156,Myrlene Arro,578 dni,22407 zł,3376054,false,5.10.2014,14.10.2022
75,Zontrax,9911371981,Damien Wadworth,27 dni,50662 zł,5366022,true,17.5.2013,18.5.2016
76,Sonair,3191373507,Greer Grosier,234 dni,37758 zł,5204702,true,17.1.2013,31.10.2016
77,Zamit,9068178073,Quill Bestall,736 dni,74628 zł,1259859,true,15.12.2014,11.1.2022
78,Rank,3060354112,Amata Evitts,644 dni,91876 zł,1665666,false,20.11.2014,23.2.2021
79,Quo Lux,2950827774,Gale Mackney,132 dni,31219 zł,2325955,true,14.12.2012,22.11.2018
80,Alphazap,1019490820,Helsa Hadaway,427 dni,98651 zł,4125176,true,21.8.2012,15.9.2020
81,Subin,2538250044,Amelie Matuszynski,329 dni,11136 zł,4118781,false,1.10.2013,7.3.2016
82,Bytecard,494318551,Ephrayim Pahlsson,331 dni,36880 zł,457579,true,1.12.2012,2.7.2019
83,Cardify,6765315415,Duffy Treanor,215 dni,47816 zł,5759348,true,25.6.2014,21.6.2020
84,Duobam,8414460475,Lucian Dimeloe,413 dni,94212 zł,343838,false,4.10.2013,6.4.2019
85,Viva,3498264015,Laughton Darracott,805 dni,47257 zł,4197562,true,5.9.2015,30.7.2021
86,Temp,9601685729,Spencer Asty,191 dni,95899 zł,2385938,false,4.1.2015,5.4.2020
87,Tres-Zap,3073170298,Janela Lambeth,286 dni,36787 zł,5810994,false,11.9.2013,24.11.2017
88,Bamity,549453988,Elsinore Lauret,273 dni,23825 zł,2405154,false,20.4.2014,23.5.2019
89,Matsoft,4368576658,Billy Gullane,519 dni,18098 zł,3717617,false,24.12.2012,21.6.2016
90,Overhold,6780714376,Lura Knotte,630 dni,31176 zł,6203530,false,29.1.2014,10.10.2018
91,Bitwolf,4640246434,Karol Gildersleeve,184 dni,70808 zł,1374442,true,16.2.2015,23.11.2018
92,Keylex,502652392,Madella Simonato,667 dni,31974 zł,123206,false,3.11.2014,20.4.2018
93,Stim,3936640456,Alvera Dyzart,221 dni,49212 zł,1378498,false,24.4.2015,8.5.2017
94,Asoka,5618913569,Olivia Tejero,705 dni,41425 zł,8752548,true,6.7.2013,27.5.2020
95,Opela,5031173907,Guntar Girardeau,625 dni,87936 zł,4867824,false,21.7.2014,27.10.2017
96,Kanlam,8487025632,Trumann Oret,105 dni,56118 zł,2767151,true,31.1.2013,25.5.2021
97,Lotstring,9147036441,Bradford Denyer,818 dni,7404 zł,107014,false,5.3.2013,20.12.2016
98,Alpha,6937177791,Pancho Lawden,444 dni,10422 zł,8660515,false,27.8.2015,6.10.2020
99,Veribet,7642937008,Vance Cosgrive,304 dni,44268 zł,7621634,true,12.6.2015,2.9.2018
100,Redhold,7504602991,Reynolds Creswell,517 dni,51896 zł,3913619,true,24.5.2015,12.2.2019
101,Stim,4858748182,Elizabet Amber,683 dni,21711 zł,9505619,false,8.2.2015,21.11.2020
102,Ventosanzap,6643186284,Donelle Witherden,46 dni,92507 zł,156364,false,9.8.2013,30.12.2018
103,Veribet,8654477309,Gennifer MacAughtrie,8 dni,94571 zł,9675251,false,16.5.2013,14.4.2016
104,Transcof,8867113489,Gaultiero Osmint,14 dni,83535 zł,7469921,false,13.2.2013,31.10.2017
105,Stronghold,4961902947,Cass Halley,76 dni,34879 zł,6924182,true,12.10.2012,16.10.2016
106,Domainer,9590303714,Bev Seleway,352 dni,29130 zł,9144107,true,17.4.2015,20.2.2019
107,Flexidy,3261674014,Cyndi Pratty,859 dni,82302 zł,5011041,false,30.8.2014,10.11.2018
108,Viva,1565579404,Emilee Ollerhad,471 dni,25021 zł,2358672,false,6.2.2013,16.2.2021
109,Stronghold,9935394377,Greer O' Borne,507 dni,16115 zł,7819132,true,12.11.2014,18.1.2020
110,Y-find,4809592079,Bamby Saylor,113 dni,43735 zł,1825249,true,1.2.2013,30.11.2017
111,Span,2587109940,Huntley Najara,260 dni,68295 zł,1706913,false,9.3.2015,21.6.2021
112,Sonair,116525558,Siana Cogger,266 dni,88332 zł,578506,false,14.1.2015,24.1.2018
113,Viva,5960116907,Seumas Baldassi,631 dni,42331 zł,9490409,true,30.4.2015,8.1.2017
114,Flowdesk,6196958370,Ravid Albin,283 dni,88473 zł,8364404,true,19.5.2015,13.3.2021
115,Keylex,3572777394,Ezequiel Chatan,736 dni,50686 zł,3175524,false,26.7.2013,19.2.2019
116,Zathin,3697504602,Stan Broadley,169 dni,25965 zł,4865006,false,8.8.2013,8.4.2019
117,Zathin,1959460205,Nonna Hawtrey,610 dni,27246 zł,5876619,true,24.3.2014,22.10.2019
118,Lotlux,3357078068,Dallas Fahrenbacher,530 dni,73485 zł,8614337,true,2.3.2013,30.5.2016
119,Prodder,9624987198,Shanna Northedge,572 dni,37632 zł,8168902,false,19.7.2013,20.9.2020
120,Veribet,6428215350,Temple Melbourne,667 dni,548 zł,5530483,false,7.10.2013,23.5.2017
121,Tres-Zap,9956143023,Sullivan Matissoff,14 dni,62131 zł,9850572,true,25.5.2014,24.3.2020
122,Kanlam,8265139269,Ericha Argent,48 dni,96015 zł,8066471,false,28.8.2015,28.6.2018
123,Y-Solowarm,1146480605,Stacia Seeborne,841 dni,51650 zł,9793926,false,6.1.2014,11.10.2020
124,Andalax,7767613025,Danette Jone,53 dni,82246 zł,8660401,false,3.6.2013,16.3.2022
125,Namfix,7472113314,Alfy Coursor,666 dni,38482 zł,7619527,true,21.12.2014,16.4.2016
126,Zontrax,543381698,Tirrell McGrane,597 dni,83781 zł,9536137,true,12.11.2014,7.10.2017
127,Tin,2403656489,Brodie Booi,192 dni,39046 zł,9555399,false,19.5.2013,8.10.2018
128,Tempsoft,2810159156,Michelina Antczak,857 dni,41507 zł,9756640,false,31.10.2015,29.9.2022
129,Stim,8101128044,Marcella Nolte,690 dni,83674 zł,9011826,false,5.1.2014,4.12.2020
130,Biodex,3824971626,Milli Kilmurry,734 dni,16031 zł,3150634,true,3.6.2015,17.11.2021
131,Konklux,2327045608,Leila Marskell,66 dni,98144 zł,8930952,false,28.6.2014,30.12.2021
132,Viva,7108372929,Darrell Brunelleschi,569 dni,49060 zł,7196856,false,31.1.2013,26.2.2021
133,Zathin,8551814214,Rooney Laise,569 dni,34058 zł,8271075,true,10.1.2015,6.2.2019
134,Konklux,946449168,Sollie Farny,828 dni,10754 zł,7657398,true,18.10.2012,16.10.2018
135,Job,1811167578,Morgen Schmidt,436 dni,84555 zł,4596518,true,6.11.2013,11.8.2016
136,Transcof,1536822443,Kinna Shallo,362 dni,69367 zł,9493816,false,25.10.2012,4.7.2020
137,Veribet,2179420760,Hymie Edleston,688 dni,42928 zł,2539417,false,11.9.2012,24.7.2018
138,Wrapsafe,3641217031,Veronica Prosser,816 dni,19757 zł,4877367,true,30.6.2013,17.7.2021
139,Tres-Zap,1288929258,Berton Leighton,23 dni,77188 zł,3952487,false,17.7.2014,5.7.2021
140,Konklab,2742174303,Wallie Phillcox,758 dni,1264 zł,7572141,false,26.9.2015,14.7.2021
141,Fintone,5550291712,Emery Addess,711 dni,3960 zł,9100936,true,11.2.2015,21.3.2019
142,Konklux,4128221452,Dorena Cristofvao,631 dni,13634 zł,4385472,false,31.1.2015,20.5.2018
143,Transcof,1958660919,Loretta Kirtley,555 dni,38380 zł,8218545,true,14.6.2015,19.10.2017
144,Zamit,5284304933,Laurena Varne,387 dni,76101 zł,7881777,false,4.7.2013,6.2.2022
145,Flowdesk,8652290061,Lucho Trowill,714 dni,58605 zł,7949047,false,28.2.2014,16.8.2019
146,Viva,6433589840,Cullie Hebditch,693 dni,80856 zł,1107656,false,2.5.2015,24.12.2017
147,Holdlamis,1183727812,Brennan Fairfoot,834 dni,67121 zł,6856741,true,19.3.2014,14.6.2017
148,Sonsing,1960237259,Marijn Buston,375 dni,37603 zł,1888652,false,8.11.2012,3.10.2020
149,Tresom,3751108822,Rosene Manley,579 dni,43928 zł,3023092,true,2.1.2014,5.6.2016
150,Tresom,5473926115,Corly Sinkings,870 dni,75035 zł,5309755,true,21.11.2013,2.1.2018
151,Aerified,4076626453,Yule Servant,429 dni,72334 zł,6974826,true,14.6.2013,7.3.2019
152,Transcof,7465065506,Serge Kerwin,345 dni,50116 zł,7819475,false,10.11.2013,4.2.2017
153,Sub-Ex,609087329,Ruben Tuberfield,123 dni,94581 zł,3663634,true,19.2.2014,23.1.2020
154,Zontrax,2693082290,Nevile Cathersides,196 dni,75024 zł,4047874,true,20.12.2014,13.9.2018
155,Greenlam,9113067177,Maria Plak,280 dni,44756 zł,2847614,true,29.4.2015,13.1.2018
156,It,9796327229,Mersey Fackney,78 dni,36515 zł,1734794,true,30.11.2015,30.6.2016
157,Vagram,7071811931,Chandler Stennes,291 dni,70062 zł,4998305,false,5.8.2015,27.10.2021
158,Bamity,5598514680,Lacy Jewett,34 dni,3457 zł,1537683,true,28.8.2014,17.4.2018
159,Bitwolf,7733948476,Ramsey Comford,737 dni,93488 zł,693662,false,24.6.2013,28.8.2020
160,Duobam,1324762066,Davidson Waliszek,759 dni,18049 zł,7223174,false,11.1.2015,29.6.2020
161,Pannier,6145769426,Rebecca Biaggetti,94 dni,56474 zł,6346976,true,4.12.2012,20.8.2016
162,Stim,1220624454,Felix Shelmerdine,470 dni,50743 zł,8084027,true,1.9.2013,22.3.2018
163,Veribet,5168274677,Anne Simic,447 dni,75725 zł,8359696,true,4.7.2015,24.1.2020
164,Fintone,1259777748,Eve Kulver,574 dni,44297 zł,7480786,false,20.12.2014,17.6.2018
165,Alphazap,9984309083,Lutero Schenfisch,722 dni,80412 zł,1412398,false,1.8.2013,24.11.2020
166,Zamit,7747918413,Arte Butterick,883 dni,15736 zł,6085768,false,30.8.2012,14.9.2021
167,Subin,4240749274,Clarisse Nowak,587 dni,649 zł,1222564,false,22.11.2015,30.6.2018
168,Greenlam,877712587,Pepito Culshaw,874 dni,89876 zł,5500305,false,4.9.2015,1.12.2019
169,Opela,535072408,Andra Toomer,641 dni,44409 zł,8364296,true,21.8.2012,9.1.2016
170,Job,9894273620,Mikey Gilpillan,314 dni,67993 zł,57900,true,28.8.2013,26.7.2022
171,Alphazap,4312666458,Avigdor Font,839 dni,86400 zł,7736703,false,26.3.2015,1.11.2021
172,Tempsoft,5182694415,Lek Sautter,323 dni,67714 zł,4061262,false,26.12.2012,28.9.2018
173,Subin,8940174190,Jorgan Adamek,768 dni,67979 zł,4631118,true,2.4.2015,12.12.2020
174,Kanlam,1538097312,Teddy McVaugh,624 dni,71829 zł,1021629,false,12.9.2012,26.8.2016
175,Tampflex,6587182096,Jacquelynn Ollerenshaw,878 dni,45178 zł,3469225,true,11.3.2015,6.8.2017
176,Kanlam,5618998390,Francisca Luciani,340 dni,75912 zł,2944550,true,15.12.2012,22.10.2022
177,Subin,1010885030,Fonsie Patrie,43 dni,36591 zł,5761651,true,16.2.2013,14.2.2020
178,Cardguard,1504479876,Aguste Botfield,115 dni,46712 zł,6855267,false,31.5.2013,1.12.2020
179,Transcof,330752170,Win Marquese,557 dni,55615 zł,5379948,true,20.1.2014,29.8.2022
180,Lotlux,526847187,Karney Arnke,508 dni,44835 zł,2118582,false,5.6.2014,23.3.2017
181,Y-find,6690067769,Gilles Halesworth,651 dni,30712 zł,8231250,false,14.4.2015,22.10.2020
182,Tresom,9214090994,Irene Helmke,466 dni,60177 zł,2875442,true,18.4.2015,23.6.2016
183,Duobam,3233199025,Charisse Furzey,184 dni,83851 zł,7838539,true,6.7.2014,28.6.2018
184,Opela,5906618535,Diena Clemon,137 dni,88180 zł,2465791,true,23.8.2013,10.10.2020
185,Redhold,1838463367,Nolan McAlister,124 dni,55811 zł,5764053,true,13.1.2015,7.1.2022
186,Lotlux,6061692419,Clark Kermeen,744 dni,81341 zł,6925056,false,6.4.2015,17.11.2021
187,Stringtough,2021562618,Nataniel Gilluley,531 dni,64346 zł,6338698,false,25.8.2012,17.5.2017
188,Y-Solowarm,4027227612,Berget Stockbridge,280 dni,88563 zł,93788,false,28.1.2014,4.4.2017
189,Bitchip,3595480632,Archie Kagan,575 dni,68849 zł,1932638,false,3.10.2015,12.1.2020
190,Tresom,9126900900,Dane Desporte,247 dni,80628 zł,476898,true,14.11.2013,20.4.2022
191,Treeflex,7530085658,Alethea Easom,535 dni,57668 zł,4216843,false,3.6.2013,15.3.2019
192,Overhold,5503565201,Ancell MacNeilley,758 dni,18093 zł,4714531,true,24.4.2015,9.1.2016
193,Latlux,2577042597,Fiorenze Lampett,492 dni,19569 zł,3903470,false,15.10.2013,27.9.2021
194,Matsoft,8817869449,Cash Duffyn,758 dni,29301 zł,8309362,false,14.6.2014,18.4.2022
195,Solarbreeze,364408351,Yasmeen Sigge,822 dni,31105 zł,6669600,true,17.8.2012,19.1.2022
196,Greenlam,1733418574,Mallissa MacDiarmid,588 dni,54010 zł,2670966,false,16.12.2014,31.3.2019
197,Ventosanzap,1837342522,Kenton Foxwell,821 dni,20478 zł,5485513,false,16.9.2014,4.8.2019
198,Sonsing,1970923835,Brandise Slott,381 dni,75406 zł,4273039,false,9.9.2014,12.11.2021
199,Regrant,9533373751,Shandy Feehily,106 dni,10907 zł,5269936,true,9.10.2012,19.4.2016
200,Span,7014407676,Claribel Paule,390 dni,64422 zł,234966,true,30.9.2014,17.6.2016
201,Zaam-Dox,7927215516,Rhianna Shadfourth,362 dni,76473 zł,6440342,false,5.7.2015,13.2.2016
202,Rank,3942027363,Dov Withur,458 dni,78077 zł,1021806,true,12.5.2015,28.6.2018
203,Wrapsafe,3276313959,Frederica Alfwy,398 dni,10567 zł,3806104,false,3.12.2013,16.2.2016
204,Greenlam,8189374973,Frants Beldan,402 dni,40986 zł,4675448,false,31.7.2015,19.11.2016
205,Cardguard,1869619607,Ethe Thaxton,101 dni,47088 zł,7617444,false,27.2.2015,12.1.2021
206,Holdlamis,7949851369,Rab McLese,645 dni,6836 zł,18766,true,29.8.2013,9.2.2020
207,Bamity,6254578263,Corinna Doucette,538 dni,93829 zł,780151,false,6.4.2013,11.4.2020
208,Otcom,5938193701,Arlen Houten,745 dni,70711 zł,8280982,false,14.10.2013,7.8.2019
209,Tresom,5591028992,Alecia Titford,130 dni,17305 zł,2713695,true,17.6.2015,30.1.2018
210,Zoolab,709584921,Frank McIan,409 dni,42244 zł,582714,true,14.9.2012,18.9.2019
211,Tampflex,8151325822,Skippie Lopez,801 dni,86645 zł,6107814,false,18.1.2014,29.4.2017
212,Flexidy,2413800069,Heda Gon,145 dni,48248 zł,2880485,true,9.6.2014,23.6.2020
213,Y-find,3367439505,Ichabod Beetham,217 dni,87316 zł,8939284,false,15.4.2013,27.11.2016
214,Biodex,8936702430,Jamey Micklewicz,586 dni,38519 zł,4991841,true,1.9.2015,5.2.2016
215,Subin,1229884458,Lottie Chalcroft,402 dni,97508 zł,2072329,false,11.8.2012,21.8.2019
216,Tresom,1974113302,Dedra Lamdin,559 dni,11196 zł,902478,false,30.9.2015,5.11.2019
217,Bigtax,8400454187,Sherwin Cunnington,232 dni,92537 zł,4247776,false,21.10.2013,9.6.2019
218,Treeflex,7898879488,Rori Bicksteth,242 dni,42622 zł,1700925,false,29.6.2015,17.7.2018
219,Alpha,8036716180,Greer Bartoszewski,323 dni,12134 zł,1534871,false,20.10.2015,7.1.2020
220,Asoka,4689433425,Eada Christer,291 dni,96138 zł,6785880,false,5.12.2013,17.9.2018
221,Stim,2468526020,Bianka Akester,660 dni,89370 zł,2465083,false,6.4.2013,19.10.2021
222,Bamity,2822480021,Fernandina Brosini,585 dni,10964 zł,9731827,true,19.1.2015,6.2.2019
223,Y-Solowarm,3452913288,Clo Lukianov,364 dni,17607 zł,160928,true,26.4.2015,31.1.2022
224,Tin,8099415587,Allyson Pankhurst.,550 dni,85135 zł,8329973,false,23.3.2014,23.8.2017
225,Prodder,1364503574,Caralie Mate,207 dni,80152 zł,8393708,true,14.2.2015,25.7.2017
226,Overhold,8934956183,Bale Janda,348 dni,43733 zł,502619,true,15.6.2013,3.1.2020
227,Stronghold,9958499612,Reeta Maleney,338 dni,73481 zł,9188027,false,6.7.2013,24.8.2021
228,Home Ing,4725818332,Jayme Tedstone,484 dni,39245 zł,4683550,false,7.6.2014,30.9.2019
229,Zathin,5864535728,Gusty Johanchon,428 dni,23985 zł,7488098,true,1.11.2015,28.1.2018
230,Sub-Ex,3190908730,Everard Banasevich,143 dni,39577 zł,3056931,true,19.9.2012,12.6.2020
231,Ventosanzap,2296177312,Kendell Groven,27 dni,64535 zł,7403420,true,23.9.2014,6.9.2016
232,Sub-Ex,3966052853,Bryon Winn,805 dni,10208 zł,5635814,true,6.10.2012,4.2.2022
233,Y-find,3047416918,Antin Indgs,684 dni,52072 zł,2497894,false,26.3.2014,26.11.2016
234,Voltsillam,3815171114,Marcelo Melling,655 dni,27956 zł,2408997,false,5.8.2013,1.2.2017
235,Stim,5678889623,Dinny Bernadot,836 dni,64546 zł,1186157,false,8.12.2013,13.8.2018
236,Tresom,1624971666,Kelcie Hargrave,141 dni,61023 zł,7032940,false,2.5.2014,1.5.2019
237,Biodex,8419981622,Alix Gowthrop,690 dni,26293 zł,981677,false,23.8.2012,20.10.2018
238,Bitchip,2632584223,Meggy Middas,639 dni,12206 zł,8950207,true,19.8.2014,16.1.2017
239,Tres-Zap,525099721,Danit Girardin,486 dni,85423 zł,7790101,false,2.11.2014,9.4.2022
240,Pannier,8824067699,Pepe D'Angeli,883 dni,3832 zł,8589380,false,3.1.2013,21.2.2019
241,Voltsillam,4822336227,Jaquelyn Dray,541 dni,82825 zł,3804650,true,17.11.2012,3.11.2017
242,Zontrax,2196702017,Antoinette Hince,187 dni,47145 zł,5484208,true,20.2.2013,4.5.2022
243,Fixflex,8696267584,Emili Spottswood,153 dni,16371 zł,9136987,true,11.3.2013,5.2.2018
244,Toughjoyfax,645323932,Caresa Windows,67 dni,42549 zł,6425593,true,25.12.2014,16.10.2020
245,Latlux,1168822509,Lindsey Gotts,887 dni,2654 zł,3537592,false,11.8.2013,29.7.2020
246,Ventosanzap,1087458840,Emlynn Eborn,7 dni,61359 zł,27500,false,28.1.2015,25.3.2016
247,Cookley,4220061621,Enoch Trobey,175 dni,88971 zł,1280705,true,2.9.2013,25.2.2018
248,Sub-Ex,6522425536,Tabby Gruby,318 dni,91655 zł,8134175,true,7.3.2015,12.4.2021
249,Flexidy,9729802702,Rutherford Lockyear,169 dni,50564 zł,7826131,false,6.11.2015,13.12.2016
250,Mat Lam Tam,869716322,Dyana Boulsher,25 dni,78813 zł,7443071,false,17.8.2012,6.2.2019
251,Tres-Zap,7793775323,Cullin Brimner,379 dni,54638 zł,1718299,true,10.8.2013,13.3.2017
252,Alpha,2920949218,Xylina Holdron,280 dni,92661 zł,6233937,true,14.5.2013,18.5.2016
253,Andalax,4023450878,Xenia Dales,564 dni,46058 zł,3700973,true,3.1.2014,6.7.2022
254,Wrapsafe,6803203058,Sharona Rival,211 dni,71641 zł,8542919,false,26.8.2015,21.11.2018
255,Keylex,7356472760,Ashbey Batty,390 dni,4227 zł,7462513,true,24.12.2014,1.11.2017
256,Konklab,2092625390,Maryann Wattinham,292 dni,76267 zł,4353303,true,4.12.2015,8.12.2019
257,Rank,7764065224,Kori Dinsell,92 dni,12952 zł,2812646,true,8.4.2014,1.10.2018
258,Domainer,2517331253,Ram Aubin,261 dni,68288 zł,1341637,false,3.11.2013,19.7.2022
259,Y-Solowarm,8568107612,Rosemarie Keyzor,785 dni,828 zł,9666826,false,8.1.2015,30.4.2020
260,Daltfresh,7168566653,Cordie Fullalove,523 dni,93869 zł,1493300,false,2.8.2013,14.4.2019
261,Home Ing,7230816512,Anne Cribbott,267 dni,30781 zł,9250926,true,31.3.2014,4.5.2017
262,Cookley,2082221408,Ashil Meric,7 dni,13204 zł,7420040,false,23.3.2014,19.2.2018
263,Kanlam,2524857180,Issiah Benning,447 dni,46677 zł,3370458,true,3.2.2013,6.1.2021
264,Alphazap,2497122549,Katrina Theobold,286 dni,53429 zł,5631607,true,15.12.2012,1.2.2017
265,Zaam-Dox,3898455057,Lesly Addison,171 dni,40924 zł,5315538,false,3.12.2015,17.5.2020
266,Sonsing,6602779833,Lexi Taylorson,697 dni,17094 zł,4460247,true,13.5.2014,16.12.2016
267,Fixflex,9939605364,Nadya Dradey,505 dni,67045 zł,7220766,false,27.2.2015,2.4.2021
268,Sub-Ex,9558453834,Phillipp Cressy,809 dni,28161 zł,18657,true,3.4.2013,27.4.2017
269,Quo Lux,9598330263,Sergio Sackur,279 dni,79683 zł,2668773,false,30.7.2015,6.8.2018
270,Lotlux,6061943682,Dorry Criple,419 dni,67041 zł,3064375,false,6.10.2013,15.9.2017
271,Stringtough,7993689990,Cassaundra Bony,83 dni,5645 zł,8033120,false,15.11.2014,2.5.2022
272,Bigtax,4083731912,Cirillo Devereux,534 dni,9688 zł,1953500,false,15.10.2012,13.2.2016
273,Konklab,9597587672,Reina Andretti,25 dni,97921 zł,2958573,false,11.5.2013,20.9.2017
274,Overhold,1140000481,Dene Bartlomieczak,286 dni,10423 zł,6033679,false,17.11.2014,25.4.2020
275,Overhold,2783579622,Wynn Chittenden,852 dni,36459 zł,2026852,true,26.4.2014,23.4.2022
276,Bitchip,2859615390,Melania Cossons,79 dni,34262 zł,3301650,true,20.6.2013,12.11.2020
277,Y-Solowarm,6967816901,Karel Roofe,91 dni,58615 zł,6637648,true,7.1.2015,4.11.2022
278,Konklux,1283177996,Kathi Paten,708 dni,73579 zł,9150293,true,11.12.2013,5.7.2017
279,Rank,2564574723,Angeline Treamayne,173 dni,13069 zł,9116219,false,12.4.2014,14.6.2022
280,Sub-Ex,9427950670,Augusto Arenson,257 dni,68952 zł,7229507,false,8.6.2014,17.5.2021
281,Domainer,8463237479,Sigfried Tidgewell,811 dni,85772 zł,8618534,true,29.8.2013,20.7.2017
282,Tampflex,6530082051,Ingmar Tatford,81 dni,58750 zł,2973167,true,21.2.2015,23.5.2018
283,Alpha,637025063,Wylma Booley,423 dni,391 zł,3095323,true,10.2.2013,16.1.2022
284,Matsoft,9146398529,Nickolas Noods,437 dni,3519 zł,3192726,false,5.11.2012,31.10.2017
285,Trippledex,7145376621,Philippine Winterflood,487 dni,59222 zł,5981314,false,15.11.2015,29.11.2021
286,Kanlam,4579016225,Jehanna Rissom,845 dni,48607 zł,7203193,false,5.1.2014,5.6.2016
287,Domainer,461855806,Kennie Dine-Hart,888 dni,98398 zł,1031418,false,13.6.2014,30.11.2018
288,Aerified,1912370633,Joaquin Strainge,337 dni,39078 zł,1867108,true,9.4.2015,14.4.2017
289,Flexidy,5769128412,Burnard Petty,751 dni,13540 zł,9175626,false,3.11.2012,9.3.2020
290,Cardguard,3265124330,Lane Fullstone,197 dni,92142 zł,7693657,true,1.12.2015,12.6.2020
291,Cookley,6021267730,Fiorenze De Morena,810 dni,6097 zł,7640078,false,3.10.2013,7.3.2021
292,Latlux,3099250491,Rutter Brameld,460 dni,14646 zł,6307547,true,24.3.2013,4.10.2021
293,Lotlux,7959608507,Major Mandrake,233 dni,39503 zł,8937745,true,18.2.2013,7.8.2016
294,Pannier,95976308,Tamqrah Spencers,603 dni,72606 zł,861728,false,7.7.2013,17.6.2021
295,Zontrax,4043802873,Rodi Edmead,178 dni,9111 zł,8133896,true,9.1.2013,13.1.2022
296,Daltfresh,5186055933,Hamid Trime,40 dni,69181 zł,5131166,true,2.8.2014,9.5.2017
297,Subin,1127123413,Ina Abisetti,627 dni,53756 zł,2095434,false,12.10.2012,1.6.2022
298,Voyatouch,3488242873,Tommi Elwood,199 dni,37545 zł,9915639,false,31.8.2015,12.6.2020
299,Temp,9316964165,Cammie Ethridge,9 dni,43397 zł,8828649,false,29.1.2014,4.3.2016
300,Sub-Ex,4903236061,Sorcha Curtiss,329 dni,8273 zł,8118111,true,7.6.2014,26.7.2018
301,Viva,5324707499,Nellie Treasaden,428 dni,17805 zł,1284263,true,10.8.2014,16.12.2020
302,Overhold,2493106013,Sammie Bratten,678 dni,54610 zł,3408992,false,27.12.2014,12.6.2021
303,Zaam-Dox,5395068323,Torrance Greedier,882 dni,90079 zł,8342401,false,23.9.2015,20.8.2017
304,Trippledex,4589606444,Corabelle Tedorenko,352 dni,72693 zł,6149256,false,13.10.2013,14.3.2020
305,Holdlamis,6535657627,Felipa McAw,709 dni,10480 zł,3766579,true,3.3.2015,26.5.2021
306,Stim,2598124135,Benoit Luppitt,517 dni,86687 zł,1810867,false,27.4.2014,23.9.2018
307,Ronstring,2200039504,Hettie Carbry,32 dni,40631 zł,128055,true,1.7.2013,8.1.2016
308,Ventosanzap,6213254670,Sissy Searl,246 dni,7433 zł,602296,true,2.7.2014,22.2.2016
309,Bamity,6718331013,Frank Greest,194 dni,63951 zł,6893906,true,22.2.2015,5.2.2019
310,Fintone,5541596480,Dasi Seares,780 dni,53855 zł,5540256,true,5.12.2014,1.12.2019
311,Rank,3804685668,Augustina Cusack,232 dni,7515 zł,6814301,true,3.11.2015,16.10.2018
312,Tresom,184858816,Otis McMeanma,340 dni,12017 zł,4635288,true,9.3.2014,20.6.2018
313,Prodder,9886533805,Harman Curran,19 dni,61536 zł,2071851,true,18.8.2014,19.9.2016
314,Quo Lux,5901865084,Meryl Yosselevitch,103 dni,78764 zł,1816697,true,3.9.2013,30.7.2021
315,Bamity,4653970124,Dennis Kilborn,581 dni,42181 zł,1857346,false,21.8.2013,25.7.2019
316,Voyatouch,4870887026,Betti Brunel,326 dni,62852 zł,998081,false,21.2.2014,14.4.2016
317,Konklux,5441829527,Florette Hebard,636 dni,2252 zł,9283073,false,26.11.2013,17.6.2022
318,Wrapsafe,2904463353,Chrissie Lowdwell,89 dni,96819 zł,7231590,true,23.2.2014,4.6.2017
319,Otcom,5791306565,Brian Simanek,33 dni,21325 zł,8436169,true,16.8.2014,4.7.2017
320,Job,8924221964,Nertie Eastwood,156 dni,84044 zł,5086781,false,5.12.2015,5.11.2021
321,Y-find,8898921836,Corissa Cuddihy,89 dni,51516 zł,8340261,true,9.1.2013,3.5.2022
322,Alpha,5558948818,Patricio Maffy,841 dni,29228 zł,9124833,false,1.6.2015,6.2.2017
323,Span,5997394289,Dorisa Pargent,724 dni,61916 zł,2029595,false,17.2.2013,23.12.2019
324,Stim,8048082502,Odille Opy,543 dni,99465 zł,2023655,true,10.11.2015,3.5.2021
325,Bitchip,2450391364,Perren Madders,160 dni,2679 zł,6735954,true,31.10.2014,26.1.2018
326,Bitchip,6979648690,Adrienne Loosley,675 dni,57245 zł,1277769,true,10.10.2013,27.6.2020
327,Toughjoyfax,1703580918,Tait Beard,186 dni,75258 zł,7272547,false,10.3.2014,13.1.2017
328,Alphazap,7452803588,Phoebe Henkens,557 dni,36710 zł,7658546,false,13.4.2013,27.2.2020
329,Vagram,2353975959,Enrique Reolfo,294 dni,29115 zł,5417570,false,15.7.2014,5.4.2020
330,Keylex,3718203546,Cyndi Ablewhite,6 dni,18263 zł,4232545,false,1.5.2014,7.3.2021
331,Cardguard,3330286970,Bengt Kilgallon,151 dni,80592 zł,3255936,true,8.6.2013,13.11.2017
332,Konklab,632698206,Mildrid Smoughton,876 dni,84039 zł,2374530,false,15.11.2012,15.12.2021
333,Bamity,4888729634,Allys Aizikov,160 dni,15323 zł,2538894,true,24.7.2015,28.8.2020
334,Prodder,1031460286,Hazel Tremayle,619 dni,33960 zł,2676952,true,11.6.2015,26.8.2018
335,Otcom,3047001005,Melosa Allaker,173 dni,78260 zł,553149,false,19.5.2014,7.12.2021
336,Domainer,705344982,Sumner Nairne,213 dni,81893 zł,4013491,false,17.10.2015,6.9.2019
337,Bamity,3728304788,Duffy Hempshall,624 dni,59862 zł,5957040,true,19.3.2015,18.6.2018
338,Kanlam,6010253804,Krisha Hayes,682 dni,11635 zł,104288,false,10.2.2013,15.9.2018
339,Bamity,5179507041,Salvatore Vreiberg,732 dni,3218 zł,8683357,false,17.6.2014,24.10.2019
340,Tempsoft,8494497426,Neysa Blanc,229 dni,75800 zł,7954127,false,20.2.2014,1.1.2017
341,Flowdesk,102810786,Yurik Hamill,794 dni,76505 zł,6397866,false,21.8.2012,8.4.2021
342,It,4608118750,Dorene Benbrick,886 dni,20802 zł,9369035,true,24.6.2015,21.4.2021
343,Daltfresh,904358150,Dickie Bligh,5 dni,53386 zł,9101658,true,10.3.2015,13.4.2016
344,Solarbreeze,4490976600,Layla Buston,776 dni,65299 zł,2005784,false,26.3.2013,31.3.2016
345,Stronghold,4815883480,Tanner Blyden,870 dni,11913 zł,2874236,false,5.2.2014,7.6.2018
346,Vagram,4585741333,Moyra Whitton,249 dni,47798 zł,3242380,true,3.5.2014,16.10.2022
347,Zaam-Dox,5326893982,Andras Lilliman,322 dni,3501 zł,2363601,true,2.3.2015,7.6.2018
348,Bigtax,8591818171,Robyn Marcone,781 dni,45743 zł,1473706,false,27.10.2012,11.1.2020
349,Overhold,8737009199,Conney Swan,576 dni,18121 zł,6781558,true,29.7.2013,10.9.2020
350,Lotstring,5694621729,Lindy Barwise,722 dni,96848 zł,2396319,true,17.11.2012,21.4.2016
351,Domainer,1769515037,Robyn Cuss,179 dni,84392 zł,1967483,false,21.9.2013,23.4.2017
352,Treeflex,2437342268,Ailbert Akister,536 dni,16699 zł,1107570,true,13.1.2015,5.3.2022
353,Andalax,2674926666,Alon Almon,558 dni,39409 zł,1079158,false,14.12.2013,12.8.2021
354,Subin,699572762,Anderea Shinefield,15 dni,91245 zł,3141221,true,24.5.2014,7.8.2016
355,Ronstring,3064598346,Joellyn Winsley,153 dni,11061 zł,6452186,false,25.4.2014,4.1.2022
356,Duobam,2007471588,Lanie Kesper,598 dni,16733 zł,5114777,false,6.10.2015,25.3.2019
357,Kanlam,6839696444,Austin Galfour,836 dni,35510 zł,9509059,false,18.10.2014,16.10.2022
358,Lotlux,2157256760,Anica Kleewein,2 dni,41272 zł,9053037,true,7.12.2013,6.3.2021
359,Home Ing,392056532,Saba Yanuk,469 dni,30517 zł,6521831,true,30.6.2015,29.5.2017
360,Andalax,1953454999,Salomi Parkins,642 dni,70999 zł,3928865,true,2.5.2013,24.11.2017
361,Sub-Ex,555179665,Isadore Tevelov,588 dni,94759 zł,844433,true,25.1.2015,19.5.2021
362,Kanlam,3693990881,Gonzalo Braniff,81 dni,898 zł,6706650,true,18.9.2013,25.11.2021
363,Treeflex,4406452703,Quintina D'Oyly,641 dni,61950 zł,1075975,false,23.11.2013,15.10.2020
364,Lotstring,3812198312,Lorrayne De Hooge,756 dni,71828 zł,7726766,false,25.1.2014,22.7.2021
365,Ronstring,810015211,Bobbi McEwen,20 dni,41189 zł,2553646,true,28.3.2015,12.4.2016
366,Ronstring,8455384845,Roarke Exter,581 dni,11437 zł,9149696,true,3.1.2015,24.2.2021
367,Trippledex,455303257,Susan Tomowicz,776 dni,84850 zł,8815769,true,8.9.2014,12.2.2022
368,Keylex,3524748239,Cordula Pearse,354 dni,93939 zł,150271,true,31.10.2015,9.12.2019
369,Biodex,7798589373,Quinta Follan,807 dni,56419 zł,2507745,true,31.1.2015,9.5.2017
370,Alpha,7335092042,Clarine Leale,130 dni,91029 zł,8857104,false,21.2.2015,28.7.2019
371,Overhold,4512674130,Paton Fernely,58 dni,3606 zł,4004814,true,28.11.2013,30.12.2015
372,Cardguard,288047413,Leshia Huddy,720 dni,28520 zł,6824926,true,14.3.2013,1.11.2019
373,Kanlam,3185157097,Eden Kilroy,50 dni,94024 zł,2117603,true,7.12.2015,11.9.2017
374,Subin,9725869947,Clint Sang,847 dni,98653 zł,4230030,false,24.12.2012,10.9.2020
375,Quo Lux,9699299076,Vito Laweles,498 dni,23082 zł,6140352,true,4.7.2013,26.3.2021
376,Tin,656507919,Teena Codrington,729 dni,85163 zł,3414510,false,4.9.2013,21.3.2022
377,Redhold,1739669817,Drusi Ley,282 dni,22841 zł,1871223,true,13.8.2015,10.11.2020
378,Fintone,3195613482,Etta Hawkey,286 dni,80893 zł,3541340,true,10.7.2015,6.9.2018
379,Sub-Ex,446766301,Richmond Leiden,862 dni,97401 zł,715145,true,28.11.2013,9.8.2022
380,Daltfresh,7130927247,Isidro Jenson,317 dni,91505 zł,9469581,true,10.10.2012,28.7.2017
381,Latlux,567956405,Gregorius Fesby,567 dni,50664 zł,5311864,true,12.10.2015,30.11.2016
382,Konklab,9914278133,Verge Gajewski,252 dni,84659 zł,6931817,false,19.12.2013,15.7.2018
383,Home Ing,8304670552,Tome Liversidge,295 dni,49306 zł,5238643,true,6.12.2012,5.9.2016
384,Fintone,2978416447,Alfi Balcombe,5 dni,268 zł,4428664,false,23.5.2015,13.5.2019
385,Domainer,258696679,Hardy Dunkley,869 dni,83991 zł,7977908,true,4.12.2012,7.8.2021
386,Bitwolf,9160627641,Paddy Bothwell,286 dni,13782 zł,7174608,true,13.5.2013,15.1.2018
387,Job,1310087298,Alley Costock,465 dni,67776 zł,7608064,true,17.1.2014,29.12.2021
388,Zamit,2253871237,Niles Clayson,595 dni,68932 zł,2754635,true,19.10.2014,4.11.2017
389,Job,2212948817,Laurene Brozsset,87 dni,8057 zł,7696269,true,9.2.2014,13.11.2020
390,Cookley,3966140597,Catrina Derington,815 dni,75620 zł,857020,true,6.2.2013,12.9.2018
391,Sonair,3789376251,Ralph Hughlin,594 dni,98057 zł,9207124,false,29.8.2013,15.7.2017
392,Stronghold,4556455996,Haily Donizeau,854 dni,27598 zł,4930318,true,28.2.2014,21.12.2016
393,Bitwolf,9821839292,Eduardo Elmhirst,619 dni,29294 zł,1122280,false,8.12.2014,10.1.2020
394,Gembucket,2805913172,Tasha Malec,189 dni,47616 zł,7714691,false,13.7.2015,6.3.2019
395,Hatity,6691363391,Cam Ourry,461 dni,76495 zł,4589754,true,2.6.2015,16.4.2016
396,Aerified,5446464747,Mack Swatton,858 dni,61299 zł,471462,false,2.1.2015,19.9.2021
397,Voyatouch,9519304232,Lane Toffano,888 dni,92444 zł,4386588,true,7.7.2013,17.7.2020
398,Y-Solowarm,4141751602,Sidonnie Ayrton,629 dni,9610 zł,4309803,true,4.11.2012,18.8.2018
399,Voyatouch,9203442242,Annetta Whitford,55 dni,69711 zł,1715415,true,21.4.2015,6.1.2018
400,Wrapsafe,1493902990,Doti Notton,641 dni,54723 zł,4706702,false,4.11.2013,11.7.2022
401,Pannier,2748384112,Gretel Ever,402 dni,41960 zł,7659019,true,20.8.2014,10.2.2019
402,Sub-Ex,5543748373,Dayna Harrod,509 dni,69082 zł,9137405,false,9.10.2015,8.8.2017
403,Temp,6110322658,Ellie Sammut,484 dni,84221 zł,1573777,true,15.12.2014,10.2.2022
404,Flowdesk,9096089663,Stuart McOwen,659 dni,53893 zł,7427206,false,20.7.2014,22.9.2018
405,Pannier,9197002535,Dani Petrichat,814 dni,46470 zł,2641187,true,6.9.2014,25.5.2022
406,Aerified,6301171041,Adlai Clawson,583 dni,2333 zł,5497780,false,16.5.2014,13.4.2022
407,Bamity,779249467,Nara Sweeten,715 dni,92230 zł,2042478,false,20.2.2015,30.3.2017
408,Subin,3654790157,Wanids Pickless,701 dni,54391 zł,5685152,true,4.2.2014,12.5.2019
409,Domainer,6175317035,Paulo Fairbanks,782 dni,23337 zł,2945990,false,17.9.2014,16.5.2020
410,Zoolab,588992726,Roby Foster,612 dni,71769 zł,2479947,false,26.12.2013,10.12.2020
411,Zaam-Dox,9597722546,Hugo Storkes,433 dni,56006 zł,2955421,true,4.4.2013,10.8.2019
412,Bigtax,1759816443,Adrian Doree,800 dni,4796 zł,3825627,true,24.4.2013,25.5.2016
413,Lotlux,6186308434,Jaye Rosson,879 dni,13879 zł,7238127,false,19.8.2012,12.9.2019
414,Zaam-Dox,1877793088,Perren Neilson,819 dni,43968 zł,5359301,false,6.8.2013,11.7.2020
415,Cardguard,1391237589,Evita Mitham,182 dni,43238 zł,7453269,false,29.4.2014,8.9.2018
416,Trippledex,7188753363,Barnett Brickell,494 dni,85563 zł,7463155,false,9.9.2014,16.2.2018
417,Namfix,9625555652,Tabbie Quade,746 dni,85845 zł,9777094,true,17.5.2014,26.8.2019
418,Subin,5870945608,Lewes De Caroli,443 dni,67573 zł,4568985,false,20.5.2013,14.8.2017
419,Overhold,8722944116,Kassie Vittle,822 dni,35260 zł,3100497,false,28.3.2013,22.9.2017
420,Stronghold,4383939195,Angus Kubecka,15 dni,21947 zł,5249255,true,27.11.2012,16.7.2021
421,Biodex,4130324140,Tanney Lomis,144 dni,66985 zł,7490587,false,4.9.2012,20.12.2017
422,Sonsing,8661088886,Delly Demke,36 dni,18166 zł,3734334,false,21.9.2015,9.5.2017
423,Flowdesk,3857720326,Atlanta Barnshaw,478 dni,71038 zł,5280282,false,14.11.2013,3.12.2018
424,Quo Lux,3010210364,Grazia Calleja,67 dni,87067 zł,5319249,true,21.3.2014,18.2.2017
425,Subin,5366864643,Oriana Dorricott,866 dni,97796 zł,4457045,false,23.6.2014,31.1.2022
426,Fix San,3867879590,Dagmar Bauman,692 dni,69391 zł,3660538,true,10.10.2015,29.5.2021
427,Job,3736961166,Loree De Caroli,795 dni,68045 zł,4521006,true,1.10.2015,22.8.2021
428,Sonsing,2392991525,Katine Rooksby,592 dni,85820 zł,3346998,false,2.12.2012,4.1.2022
429,Bitchip,3759005602,Giuseppe Montacute,778 dni,87527 zł,1597111,false,24.7.2013,26.9.2016
430,Stronghold,2535471219,Ofelia Guitton,551 dni,62782 zł,9278768,false,17.3.2013,1.9.2021
431,Holdlamis,9133187170,Selma Domotor,851 dni,25960 zł,8369492,true,6.8.2013,12.4.2022
432,Zamit,5104925906,Paton Kleeman,665 dni,83091 zł,438826,false,11.1.2015,6.2.2018
433,Asoka,2684630933,Rudolph McGibbon,632 dni,31947 zł,6190522,true,19.7.2015,18.8.2021
434,Kanlam,8925284067,Kizzie Farloe,834 dni,52575 zł,1657915,true,21.6.2013,7.2.2019
435,Lotlux,9233666053,Erek Mallender,302 dni,11358 zł,1247269,false,21.6.2013,17.7.2016
436,Zoolab,4193360824,Carola Frere,229 dni,93235 zł,8155376,false,19.7.2013,24.2.2018
437,Fintone,6287656159,Miof mela Smurfit,331 dni,36377 zł,3347260,true,16.5.2013,5.4.2019
438,Tres-Zap,829476264,Collin Wornham,403 dni,60173 zł,2056739,true,8.1.2015,14.7.2016
439,Voyatouch,7113848182,Jilleen Birdwhistle,133 dni,30881 zł,3709899,true,22.3.2014,23.7.2017
440,Aerified,5676916144,Charisse Jeffcoat,416 dni,27582 zł,5145360,true,7.10.2014,31.1.2018
441,Holdlamis,1051970651,Ibbie Bulfoot,653 dni,85690 zł,9355640,false,13.6.2015,16.10.2019
442,Bytecard,5889921635,Zea Girkin,60 dni,33255 zł,843589,true,28.8.2013,15.1.2019
443,Bitwolf,1800440863,Faustine Elam,335 dni,42942 zł,2065271,false,20.7.2014,15.8.2016
444,Lotlux,1238506952,Heall Chester,467 dni,52536 zł,5243047,true,26.6.2013,1.9.2020
445,Voltsillam,751289046,Karee McGann,14 dni,24423 zł,1534190,false,14.3.2013,22.3.2022
446,Hatity,5951696580,Elie Fay,866 dni,50717 zł,9080206,true,23.8.2013,23.2.2019
447,Bitchip,4367146115,Anderea Postlewhite,490 dni,89133 zł,1081143,true,7.5.2015,14.2.2019
448,Quo Lux,7473549515,Belvia Bugg,159 dni,81288 zł,2941786,false,3.9.2013,27.4.2017
449,Stringtough,9137892823,Otto Eirwin,706 dni,13783 zł,5662736,false,25.12.2013,12.5.2019
450,Konklab,8058086322,Nariko Melendez,142 dni,49973 zł,4952743,true,18.3.2014,9.5.2019
451,Voltsillam,8909371965,Clare Sotheron,754 dni,51297 zł,9177073,false,5.4.2013,15.11.2016
452,Hatity,9459796867,Dix Gammett,818 dni,64799 zł,5752397,true,5.7.2014,4.2.2016
453,Temp,7830212374,Wilden Stancliffe,802 dni,66656 zł,7780057,false,15.7.2013,11.5.2021
454,Redhold,3778225717,Charley Challender,758 dni,20662 zł,2309974,true,10.7.2013,30.10.2020
455,Prodder,9517194970,Aundrea Raselles,647 dni,39521 zł,5185352,true,25.12.2012,3.1.2019
456,Job,5652621809,Nicoline Burhouse,173 dni,92089 zł,9562941,true,23.4.2013,9.8.2019
457,Home Ing,180533091,Marje Lartice,598 dni,11473 zł,759731,true,29.5.2014,9.5.2017
458,It,7794076165,Antone Abelson,634 dni,75830 zł,1647789,false,18.5.2014,7.6.2018
459,Rank,9489853146,Alma Hendriks,501 dni,30125 zł,3819331,false,3.11.2013,15.1.2021
460,Namfix,5759884740,Rosy Tilly,227 dni,98987 zł,4458702,false,25.2.2013,15.9.2020
461,Span,6500328693,Horst Eccersley,813 dni,11636 zł,1871435,false,14.9.2015,23.4.2019
462,Zathin,5197333523,Yankee Parkman,421 dni,95980 zł,4818316,true,12.9.2014,26.2.2016
463,Duobam,9030914209,Alix Morbey,304 dni,19506 zł,8064308,false,28.4.2015,25.1.2016
464,Lotlux,7005645680,Mirella De La Haye,30 dni,20578 zł,8898160,true,1.8.2014,26.4.2022
465,Sonair,6551571782,Gradeigh Gouinlock,486 dni,92919 zł,9568456,false,4.3.2015,18.2.2018
466,Flowdesk,2054396103,Bunni Eastham,606 dni,51787 zł,2058981,true,3.5.2015,28.10.2016
467,Overhold,2707897374,Nicolis Dregan,222 dni,55933 zł,3294924,true,17.5.2015,12.3.2019
468,Stronghold,7163610024,Thomasina Drysdall,587 dni,81426 zł,4399192,false,28.9.2014,7.6.2021
469,Daltfresh,3186780799,Fred Monument,810 dni,52485 zł,6703610,false,31.8.2012,8.1.2018
470,Zoolab,506097706,Fulvia Blaby,165 dni,37775 zł,4133547,true,3.6.2013,14.4.2016
471,Cardify,3732195273,Alissa Vosper,644 dni,17350 zł,5323164,true,11.8.2012,14.3.2022
472,Sonsing,6575992588,Prinz Spurman,379 dni,28890 zł,3436670,false,15.1.2014,14.2.2020
473,Home Ing,9273140369,Gates Robertazzi,299 dni,1733 zł,5368628,false,18.6.2013,10.9.2022
474,Kanlam,1564033838,Boot Blackburne,669 dni,90351 zł,2240332,false,21.5.2014,12.6.2021
475,Bitchip,6614671052,Brandon Craxford,297 dni,79668 zł,2309100,false,15.9.2014,4.5.2020
476,Vagram,5816902566,Jordan Austins,174 dni,73392 zł,5740472,false,24.9.2012,14.10.2021
477,Y-find,5684826428,Lana Simkin,537 dni,20743 zł,6480165,true,24.3.2014,5.5.2016
478,Hatity,5654534544,Lloyd Elcocks,580 dni,51972 zł,9278606,false,3.10.2015,2.4.2019
479,Bitchip,2125224233,Anton Selborne,818 dni,37941 zł,3979035,true,12.2.2015,3.1.2018
480,Tres-Zap,3031092905,Feodor Waight,218 dni,13236 zł,6477220,false,3.5.2013,23.11.2020
481,Lotstring,6790470394,Brittne Satchel,283 dni,94801 zł,9427593,true,1.5.2013,17.6.2021
482,Fixflex,7886435099,Dannye McGeachy,291 dni,73523 zł,6437450,false,12.9.2015,10.10.2021
483,Span,8061159053,Timmy Jedrachowicz,433 dni,18271 zł,5578147,false,5.1.2015,26.6.2019
484,Alphazap,4968215404,Davidson Waterdrinker,569 dni,67828 zł,5500139,true,27.8.2012,27.5.2018
485,Voltsillam,8528206825,Sonnie Pattrick,833 dni,74634 zł,2014775,false,18.9.2013,7.10.2016
486,Domainer,4861850562,John Itter,458 dni,74348 zł,8921401,true,26.6.2013,30.3.2022
487,Flowdesk,6126873524,Rory Lea,12 dni,92071 zł,1744476,true,26.3.2013,6.4.2022
488,Gembucket,2852653652,Tybie Falck,24 dni,28595 zł,7719672,true,20.1.2015,6.12.2016
489,Tin,9788102931,Ailina Rallinshaw,873 dni,70042 zł,5286859,true,5.2.2013,24.3.2022
490,Y-find,3505516836,Ida Dudley,335 dni,45033 zł,1712840,false,17.5.2014,5.5.2018
491,Toughjoyfax,4809810671,Dicky Alekseev,150 dni,89059 zł,3904770,true,23.10.2015,11.8.2021
492,Ventosanzap,6556298264,Marcy Cash,296 dni,86347 zł,4761506,false,4.11.2012,20.9.2016
493,Tin,8438661055,Cyril Devaney,400 dni,55256 zł,3870861,true,16.11.2012,14.12.2020
494,Zaam-Dox,8392366804,Gerladina Baylie,642 dni,65803 zł,9922599,false,6.8.2013,18.3.2016
495,Keylex,9297431047,Ximenez Offner,369 dni,33419 zł,1533411,false,13.4.2014,14.9.2016
496,Voyatouch,3849246278,Orson Fewster,222 dni,6671 zł,7266794,false,15.10.2012,13.3.2022
497,Trippledex,2905488684,Irvine Seward,788 dni,58112 zł,1514210,false,4.9.2013,12.11.2020
498,Stim,2291128930,Maurene Murie,247 dni,6701 zł,4556314,false,3.12.2013,25.1.2019
499,Gembucket,8140727414,Sashenka Prudence,112 dni,7337 zł,4629032,false,4.3.2014,21.8.2022
500,Matsoft,125708361,Geneva Rojahn,278 dni,54556 zł,3301583,false,25.6.2013,1.10.2016
501,Asoka,8500359721,Janel Maevela,758 dni,18100 zł,9098483,true,18.10.2015,19.12.2020
502,Alpha,1613139377,Griffin Collecott,526 dni,58032 zł,3614814,true,20.7.2015,23.5.2019
503,Hatity,5827523897,Carr Kertess,299 dni,44156 zł,3575575,true,18.6.2013,12.3.2019
504,Fintone,6830258906,Alyson Clowney,483 dni,6851 zł,671283,false,2.12.2012,17.3.2019
505,Bamity,8012462327,Malia Dutt,884 dni,94843 zł,3408876,true,20.12.2014,31.8.2021
506,Bytecard,1053766761,Thalia Decayette,103 dni,81040 zł,4168363,false,10.11.2015,21.11.2017
507,Ventosanzap,4657984257,Hammad Bottby,311 dni,32188 zł,349769,true,17.10.2012,27.7.2018
508,Viva,3881829915,Josi Lawlance,534 dni,58331 zł,755975,false,10.11.2014,6.11.2022
509,Viva,5683035082,Aubry Malzard,860 dni,79208 zł,3191981,false,2.11.2014,19.5.2016
510,Cardify,6695471057,Elmer Bealton,204 dni,35006 zł,1911015,false,29.11.2013,23.5.2016
511,Zathin,4113198009,Lola Faucherand,562 dni,74371 zł,9165255,true,3.5.2014,23.9.2017
512,Bigtax,1664072090,Skipper Jago,76 dni,21766 zł,9365832,false,22.9.2014,25.8.2020
513,Gembucket,5394972688,Josias Donati,110 dni,90340 zł,2463297,true,29.8.2014,12.8.2020
514,Ronstring,1943042432,Nanni Rowsell,541 dni,19441 zł,7344320,true,3.12.2014,28.4.2019
515,Tempsoft,363906743,Constancia Ofen,619 dni,78426 zł,2073613,true,27.8.2013,7.1.2016
516,Greenlam,8661123911,Richard Aldersea,639 dni,11684 zł,2134959,true,1.9.2015,30.10.2020
517,Redhold,3737885596,Derry Spencelayh,787 dni,86672 zł,1730020,true,21.4.2013,14.12.2019
518,Span,4413056644,Britney Worrill,601 dni,24743 zł,7147645,true,27.5.2014,30.3.2019
519,Flowdesk,1212609432,Hurley Ellsom,411 dni,96354 zł,8728801,true,24.10.2013,14.6.2022
520,Temp,6139600137,Jacki Weatherburn,863 dni,82692 zł,3879402,false,5.12.2014,2.10.2018
521,Otcom,3042455378,Rayner Dwelly,238 dni,57259 zł,4566885,true,31.3.2013,25.7.2017
522,Biodex,575350296,Zabrina Oris,187 dni,32171 zł,6748770,true,27.3.2013,16.10.2019
523,Stringtough,8511332486,Alis Luxon,816 dni,52603 zł,2665332,false,9.5.2013,3.10.2016
524,Tres-Zap,1025508384,Traci Fairley,122 dni,63815 zł,4187365,false,25.7.2013,1.7.2019
525,Zontrax,6135271184,Carly Spellecy,625 dni,77931 zł,6295835,false,3.10.2015,20.9.2018
526,Pannier,2052790079,Cordie Bogey,850 dni,2413 zł,542765,false,17.4.2015,10.2.2017
527,Bitchip,9477059988,Minerva Attyeo,301 dni,21741 zł,8277301,false,16.7.2015,9.9.2018
528,Quo Lux,8463634302,Foss Fozard,352 dni,29065 zł,1839818,false,11.4.2013,11.1.2016
529,Regrant,8354895964,Illa Checcuzzi,715 dni,40364 zł,4846568,true,1.10.2014,18.9.2020
530,Matsoft,8618391069,Craggie Snedden,879 dni,56509 zł,7233436,true,11.10.2014,11.5.2017
531,Rank,9199978634,Eryn Beteriss,278 dni,18707 zł,955668,true,20.10.2015,13.1.2018
532,Zamit,6641500919,Edmund Preedy,557 dni,53211 zł,88081,false,9.5.2013,2.1.2018
533,Otcom,2892117623,Carlin Stillman,39 dni,90453 zł,9546624,false,5.10.2014,2.6.2022
534,Bytecard,3339275400,Vivia Otto,92 dni,81829 zł,2967497,false,16.10.2012,10.6.2018
535,Cardify,9654155306,Onofredo Absalom,30 dni,40802 zł,3671238,false,18.4.2014,15.12.2018
536,Bamity,5569801955,Florry Gowlett,576 dni,50813 zł,9166824,false,14.1.2013,9.5.2016
537,Stim,4989817815,Alexis Campana,429 dni,61704 zł,2990784,false,16.10.2012,21.7.2017
538,Pannier,3904182167,Bay Roofe,654 dni,92980 zł,5758755,false,25.6.2013,15.1.2017
539,Alphazap,2413980749,Maxie Whiston,12 dni,84363 zł,1979408,false,13.10.2013,3.5.2019
540,Sonsing,6124323349,Neille Tummasutti,717 dni,43233 zł,670918,false,20.11.2013,24.4.2018
541,It,5774909926,Marjory Lenham,146 dni,32820 zł,4188086,false,16.5.2014,20.3.2021
542,Holdlamis,8738399921,Juditha Camplin,287 dni,39799 zł,9324369,true,8.10.2013,24.9.2019
543,Andalax,6760167233,Dorotea Dukelow,588 dni,6345 zł,405743,true,10.12.2015,28.6.2019
544,Bigtax,4247947739,Pete Attaway,783 dni,2152 zł,1627755,false,20.12.2012,26.5.2022
545,It,5140825708,Mallissa Lemmon,584 dni,16229 zł,1457583,true,8.10.2015,28.11.2021
546,Rank,8694146256,Antoni Brownett,618 dni,92026 zł,4496031,true,10.11.2013,11.10.2020
547,Gembucket,1339308502,Francyne Shrubsall,400 dni,21215 zł,6792334,false,5.7.2013,22.12.2017
548,Flexidy,9116515689,Aubert Lightbown,211 dni,13012 zł,4249197,false,19.2.2015,1.12.2019
549,Trippledex,3008818755,Ellerey Schubart,226 dni,43906 zł,968722,true,31.7.2014,3.6.2016
550,Y-find,3864999504,Gayla Ecclestone,871 dni,48384 zł,8085993,true,10.6.2014,2.6.2021
551,Toughjoyfax,423480920,Veronika Duerden,784 dni,41568 zł,8872943,true,19.7.2015,14.3.2016
552,Lotlux,5157763306,Brig Masters,732 dni,63576 zł,8641104,false,27.7.2013,2.3.2016
553,Konklux,9344341528,Tandy Robun,552 dni,12180 zł,3160463,false,15.8.2012,9.8.2017
554,Flexidy,9024669400,Demetris Craigmile,369 dni,57335 zł,252288,true,30.10.2013,28.5.2022
555,Latlux,674537756,Ashla Krabbe,279 dni,76265 zł,2065132,true,13.12.2013,14.9.2017
556,Daltfresh,5678156213,Raven Pheasey,127 dni,60866 zł,9378449,false,18.6.2015,29.8.2016
557,Prodder,484822183,Farand Goosey,114 dni,20753 zł,808317,false,2.2.2015,18.7.2022
558,Zamit,4784008013,Giffie McClinton,396 dni,54209 zł,3169334,false,10.5.2014,14.4.2019
559,Keylex,2636884287,Ewen Greswell,94 dni,55548 zł,2545969,true,23.4.2013,19.2.2018
560,Fix San,7712215134,Britta Chumley,334 dni,65768 zł,9587811,true,22.6.2015,29.6.2018
561,Fixflex,8164997779,Emmeline Maggs,473 dni,92309 zł,42827,true,3.7.2015,17.3.2020
562,Mat Lam Tam,2960373459,Laura Cuttelar,613 dni,95433 zł,4761829,false,22.7.2015,27.8.2021
563,Cookley,2343678738,Courtnay Coarser,181 dni,61867 zł,7899348,false,22.9.2015,17.1.2020
564,Aerified,4797236089,Damita Llewhellin,728 dni,55870 zł,3841600,false,10.2.2013,20.1.2016
565,Domainer,9024472521,Mildred Varndall,673 dni,80846 zł,2559417,false,9.1.2015,7.12.2017
566,Stringtough,1974957727,Vanni Ager,121 dni,25309 zł,167126,true,7.9.2013,10.1.2018
567,Konklux,5678884253,Gib Mattes,255 dni,94845 zł,8924360,false,7.12.2015,12.1.2017
568,Cardguard,4987641829,Sollie MacGebenay,132 dni,46548 zł,5648198,false,2.2.2014,4.5.2018
569,Span,8298457911,Sheilah Eagell,294 dni,70254 zł,7157950,false,22.5.2013,29.7.2021
570,Bitchip,852116454,Phillida Bowld,363 dni,1641 zł,6867739,true,30.8.2015,12.8.2016
571,Y-Solowarm,3007401045,Avrit Loble,324 dni,93326 zł,6862956,false,22.4.2015,27.1.2018
572,Matsoft,1983971952,Granthem Gouldeby,726 dni,64039 zł,1943335,true,16.4.2013,30.5.2019
573,Holdlamis,9681935414,Raphaela Brundale,501 dni,40173 zł,7662764,false,26.2.2015,10.3.2020
574,Sonair,3429328175,Goldarina McGilvra,12 dni,81555 zł,8730856,false,2.12.2014,2.2.2019
575,Bitchip,8890170937,Delly Kolinsky,588 dni,90017 zł,2662534,false,21.5.2014,31.1.2020
576,Asoka,5683053998,Grove McCrann,329 dni,12353 zł,8527603,true,9.3.2014,15.4.2018
577,Bigtax,9100402995,Virgilio Watt,39 dni,27119 zł,5646801,true,25.7.2014,10.3.2022
578,Daltfresh,2021127442,Donnell Squier,389 dni,24533 zł,629532,true,13.9.2015,26.2.2016
579,Rank,357198189,Hendrika Siddle,586 dni,20167 zł,1016023,true,5.3.2014,1.9.2018
580,Keylex,5580567968,Hailee Garwell,412 dni,80359 zł,8215041,true,22.7.2014,25.3.2016
581,Zontrax,4276687880,Arne Derbyshire,732 dni,92946 zł,9017352,false,20.11.2012,6.6.2016
582,Quo Lux,2091691293,Ulrich Colvie,677 dni,20073 zł,1722152,false,28.2.2015,1.4.2021
583,Duobam,6145410498,Giselle Edeson,437 dni,38181 zł,4234149,true,10.9.2013,16.9.2019
584,Daltfresh,137294389,Padgett Gaskins,554 dni,72379 zł,9423722,true,2.9.2014,18.9.2022
585,Redhold,5228356352,Nerita Shory,546 dni,71975 zł,9964191,false,27.1.2013,21.5.2018
586,Latlux,3914537903,Liane Bulbeck,82 dni,54416 zł,3242780,true,14.4.2015,6.2.2021
587,Pannier,5439968604,Ozzy Auchinleck,865 dni,93614 zł,667172,true,5.1.2013,10.5.2019
588,Stim,8972298710,Lyman Mountcastle,508 dni,74279 zł,4667538,true,6.9.2015,18.4.2022
589,Kanlam,6296437701,Quinton Rispin,864 dni,97352 zł,4857774,false,14.10.2015,3.11.2021
590,Toughjoyfax,1086219110,Kristi Cooksley,876 dni,66064 zł,6804035,false,6.10.2012,19.3.2020
591,Tresom,856878541,Lothario Duffree,748 dni,18327 zł,5290480,false,23.6.2014,10.3.2019
592,Zaam-Dox,5328459844,Ulrick Arni,193 dni,14099 zł,3167736,true,19.8.2014,2.11.2017
593,Konklab,4882273564,Christoffer Rubinowitch,610 dni,79888 zł,6317907,true,1.1.2013,20.3.2016
594,Aerified,7229970409,Ivory Simmons,398 dni,56468 zł,998195,true,28.8.2015,18.1.2019
595,Konklux,1870129881,Padraig Picker,448 dni,71093 zł,5257690,true,21.3.2015,11.9.2021
596,Stringtough,404640089,Clay Mc Caughen,624 dni,66834 zł,5574463,false,11.12.2012,4.9.2017
597,Mat Lam Tam,6844420498,Row Ciabatteri,876 dni,4778 zł,5853699,false,13.5.2015,18.12.2016
598,Viva,5353353782,Georgianne Jekyll,737 dni,52687 zł,3840198,true,30.3.2015,30.10.2016
599,Biodex,2713224443,Jannel Bowller,348 dni,9685 zł,9081136,false,15.12.2012,17.4.2018
600,Flowdesk,4037342887,Baxie Oliphant,679 dni,63068 zł,921925,false,24.8.2013,3.5.2016
601,Andalax,8822026854,Nada Bartley,635 dni,95628 zł,5420462,true,16.6.2014,12.7.2017
602,Fix San,5551428840,Yuma Micco,480 dni,5889 zł,8664260,false,26.5.2013,8.7.2021
603,Y-find,7891955310,Jessi Scriver,546 dni,56559 zł,1951673,true,17.10.2015,17.11.2017
604,Tampflex,7263745208,Simon Anchor,733 dni,32136 zł,1232522,false,25.5.2015,27.10.2019
605,Zamit,9577695689,Erinna Cejka,412 dni,49147 zł,4569745,true,30.12.2012,16.12.2016
606,Transcof,8468863982,Constantina Tatteshall,566 dni,91041 zł,7402690,true,21.7.2014,14.2.2021
607,Alphazap,3184517144,Dre Carson,389 dni,58518 zł,795571,true,12.8.2015,29.4.2022
608,Bitchip,3073843760,Sandro Spatoni,77 dni,14537 zł,1293264,true,27.12.2013,23.7.2018
609,Voyatouch,2644923958,Gifford Sherlock,312 dni,45852 zł,9248585,false,24.1.2014,28.3.2021
610,Asoka,2632220511,Wandie Sante,549 dni,37112 zł,2572355,true,14.1.2013,21.8.2021
611,Transcof,5597837435,L;urette Couve,66 dni,32735 zł,1891892,true,23.10.2014,26.4.2017
612,Home Ing,2876808530,Adena Laxson,882 dni,69822 zł,9511347,false,18.4.2013,21.12.2019
613,Andalax,1402502437,Torey Dudmarsh,587 dni,87018 zł,6590303,false,7.3.2014,26.5.2018
614,Hatity,5895486004,Hermie Meagh,288 dni,29045 zł,345383,false,5.5.2015,17.7.2016
615,Redhold,772469786,Cesare Schroder,224 dni,37447 zł,9789315,false,10.12.2015,4.4.2016
616,Overhold,7677682902,Bernadina Stein,15 dni,9251 zł,3412549,true,6.5.2013,19.12.2018
617,Cardguard,5134987697,Gerianna Simek,434 dni,53087 zł,341421,false,26.11.2012,30.3.2018
618,Cardify,563326051,Emelina Matuska,354 dni,69543 zł,8270031,false,5.2.2015,20.12.2015
619,Lotstring,9825855611,Chauncey Mallindine,615 dni,4983 zł,8425066,false,2.10.2013,8.8.2022
620,Rank,789373319,Legra Bunting,29 dni,6709 zł,6689371,false,27.7.2013,27.10.2017
621,Domainer,2906454923,Chaunce Aireton,491 dni,78659 zł,3258141,true,23.11.2012,29.7.2018
622,Bigtax,8754951898,Dicky Frisby,265 dni,82466 zł,826147,false,6.10.2014,14.1.2018
623,Zamit,3776914906,Gerri Hastler,506 dni,84324 zł,1058744,true,22.6.2013,19.5.2018
624,Latlux,7681531344,Dimitry Ibbetson,253 dni,80017 zł,4006534,false,23.2.2014,7.8.2017
625,Lotstring,7124516079,Marleah Lavin,415 dni,15917 zł,9063146,false,3.11.2014,24.11.2019
626,Fixflex,8946045772,Bryn Trayte,591 dni,59787 zł,5182235,false,1.11.2015,19.5.2017
627,Keylex,8876038019,Idell Caso,837 dni,22148 zł,5907148,false,4.1.2015,23.12.2020
628,Zaam-Dox,5624737905,Lissie Ruter,115 dni,61074 zł,7621987,false,28.2.2015,16.3.2021
629,Rank,2738339485,Arne Dietz,290 dni,9988 zł,7582264,false,25.4.2013,26.4.2020
630,Cookley,5443572710,Ian Fillan,516 dni,77310 zł,3778672,true,19.4.2015,4.4.2021
631,Domainer,4404221992,Marius Deacon,547 dni,36513 zł,867279,true,11.10.2014,16.1.2020
632,Bitwolf,122283113,Kimmie Wallentin,879 dni,70058 zł,8226444,true,26.8.2015,26.9.2019
633,Trippledex,4222829799,Sela Feaks,243 dni,9903 zł,9408931,false,17.9.2014,23.4.2017
634,Biodex,3422053198,Abe Targetter,338 dni,27177 zł,5813253,true,19.4.2014,28.6.2022
635,Fix San,6043763039,Lanae Dibb,40 dni,32127 zł,3773359,true,12.2.2014,21.6.2020
636,Ventosanzap,8836479294,Yehudit Yanson,80 dni,99264 zł,4826538,true,15.10.2014,23.11.2020
637,Treeflex,8755167065,Mae Leguey,293 dni,28152 zł,3614137,false,31.10.2014,22.10.2020
638,Biodex,6297103705,Brooks Crosston,888 dni,85 zł,5938276,false,3.12.2012,19.2.2018
639,Stringtough,6415350640,Tera Forder,820 dni,37486 zł,7998631,true,1.8.2014,5.2.2021
640,Andalax,6554206968,Lenee Darth,787 dni,23785 zł,1594529,false,19.6.2013,19.6.2018
641,Otcom,7722406017,Gualterio Andreas,289 dni,1082 zł,1330447,false,1.5.2014,30.8.2021
642,Subin,8953968307,Leanor Bryant,287 dni,1952 zł,154551,false,23.5.2014,29.7.2017
643,Lotlux,1592157400,Phaidra Piola,425 dni,7470 zł,7637091,true,5.12.2013,18.6.2019
644,Lotstring,1840605459,Raynell Bostock,66 dni,37414 zł,3507094,true,21.9.2013,8.9.2021
645,Greenlam,1097452476,Janifer Matteacci,249 dni,67359 zł,3003512,true,14.7.2014,14.3.2020
646,Solarbreeze,2197088324,Dyanne Hartfleet,648 dni,85527 zł,2886643,true,30.5.2015,10.6.2021
647,Mat Lam Tam,5678185299,Kissiah Ellwood,651 dni,58822 zł,6753157,true,23.9.2014,13.6.2022
648,Temp,8641165352,Loretta Bloan,435 dni,57524 zł,4806808,true,26.7.2014,14.4.2016
649,Tin,3163464327,Linette Naris,139 dni,11053 zł,7916201,true,5.1.2015,27.4.2018
650,Asoka,7734013395,Nessy Reddick,428 dni,52610 zł,8781870,false,18.4.2014,17.10.2022
651,Viva,1565633584,Wenonah Casbolt,407 dni,30713 zł,5162934,true,22.6.2015,3.4.2017
652,Tres-Zap,1984732780,Etty Dahlman,877 dni,79003 zł,2100209,false,6.6.2013,4.6.2021
653,Hatity,2609101306,Riane Kruschev,500 dni,97353 zł,2422582,true,22.3.2015,2.2.2019
654,Flexidy,8829999976,Kele Hasson,242 dni,17361 zł,462726,true,29.12.2014,19.11.2018
655,Latlux,3027498651,Dwain Rycraft,15 dni,54896 zł,6244098,false,6.12.2012,5.10.2019
656,Voyatouch,5707440695,Gilberte Ripsher,196 dni,82800 zł,6564953,false,14.3.2015,13.11.2020
657,Biodex,8352954057,Malcolm Megainey,756 dni,46829 zł,4481433,false,16.1.2013,24.11.2017
658,Stim,4941604350,Phyllys Devon,768 dni,29568 zł,3818678,false,10.3.2013,26.11.2017
659,Redhold,1938323251,Prescott Mersey,234 dni,85228 zł,1509638,false,2.3.2015,3.9.2016
660,Latlux,7555396436,Thomasa Northing,305 dni,86617 zł,3757333,false,4.3.2014,26.3.2019
661,Voltsillam,7880658906,Burke Berston,596 dni,79130 zł,8127819,false,14.2.2015,18.2.2018
662,Stringtough,3754603404,Nickolas Griffithe,464 dni,22242 zł,5878085,false,15.3.2015,6.2.2017
663,Flowdesk,9512165156,Halley Stedell,405 dni,44303 zł,314,true,24.10.2015,6.8.2021
664,Y-find,23436498,Jessie Londesborough,415 dni,49001 zł,9369202,true,25.3.2015,6.3.2017
665,Y-find,7086264101,Aldon Linzee,571 dni,35587 zł,1887476,false,28.2.2013,11.11.2017
666,Cardguard,5789871598,Foster Nears,533 dni,38363 zł,7722328,false,30.5.2014,6.10.2017
667,Keylex,3543920626,Arlin Ownsworth,649 dni,86226 zł,1309628,true,17.2.2015,25.11.2020
668,Trippledex,4562957434,Stacee Stonbridge,139 dni,90972 zł,1610149,true,2.3.2013,9.11.2018
669,Asoka,5900990215,Denis Menure,463 dni,17712 zł,8036471,false,9.8.2015,23.9.2021
670,Fixflex,7958838017,Sancho Sackes,618 dni,9503 zł,2245503,true,3.10.2012,1.7.2019
671,Sonair,7384633785,Yolande Piscopello,791 dni,23489 zł,9519833,false,30.5.2015,28.6.2016
672,Alphazap,3758138222,Chan Kingshott,549 dni,35925 zł,7252415,false,28.7.2015,3.12.2021
673,Solarbreeze,4093636866,Kinnie Beevers,574 dni,39017 zł,5347311,true,6.11.2015,13.12.2021
674,Prodder,8154782433,Odelinda Cridge,819 dni,45950 zł,3684956,true,22.2.2013,19.10.2021
675,Stringtough,9783672708,Delainey Kebbell,557 dni,69625 zł,1785776,true,15.7.2014,8.7.2019
676,Overhold,8904017685,Darin Patley,205 dni,32682 zł,6276978,false,26.2.2014,26.2.2016
677,Solarbreeze,5453804158,Kendricks Kiera,774 dni,34921 zł,4305105,false,5.9.2014,6.4.2017
678,Regrant,9443632055,Jeanelle Gypson,867 dni,42266 zł,557202,false,16.8.2014,6.9.2017
679,Greenlam,1207107364,Luce Danbrook,388 dni,99294 zł,583288,false,27.1.2015,25.5.2022
680,Rank,7018271118,Tracy Giff,617 dni,86504 zł,7214039,false,29.12.2013,29.12.2019
681,Temp,6015935530,Lilian De Cleen,195 dni,50023 zł,4117930,false,12.8.2014,13.1.2016
682,Stronghold,2137187502,Odelinda Wahner,823 dni,63676 zł,6225335,false,27.12.2014,3.8.2022
683,Redhold,959645941,Bordy Searston,398 dni,38 zł,4325386,false,6.9.2015,27.2.2016
684,Fintone,410825035,Deb Stiger,659 dni,516 zł,1017854,true,20.5.2013,28.7.2017
685,Vagram,3955969101,Ana Pyrah,405 dni,71330 zł,6405482,true,11.5.2014,2.12.2021
686,Domainer,3378937716,Teodora Willarton,323 dni,8666 zł,6891515,true,12.8.2015,10.12.2017
687,Keylex,6237127481,Even Aldred,365 dni,5062 zł,6185902,true,7.4.2015,17.9.2016
688,Matsoft,2629614440,Colleen Alesio,267 dni,24479 zł,8554723,false,6.10.2013,18.10.2018
689,Voltsillam,8745774287,Ximenez Richford,334 dni,1720 zł,4241135,false,30.9.2014,29.9.2018
690,Temp,167765645,Minette Crus,362 dni,29872 zł,6977538,false,7.10.2015,14.12.2016
691,Zontrax,4862337785,Ethelind Morratt,864 dni,57720 zł,2337238,false,5.8.2015,6.10.2020
692,Bitwolf,7691429453,Sissie Scuse,461 dni,1367 zł,4518503,true,4.11.2014,4.9.2022
693,Subin,1927376285,Richy Josilowski,50 dni,52275 zł,5547283,false,30.12.2013,8.11.2016
694,Flowdesk,7188535817,Elaina McRory,670 dni,25585 zł,749062,true,7.9.2012,24.9.2016
695,Prodder,1197644150,Nikolas Huddy,144 dni,33811 zł,7538034,true,24.1.2014,21.10.2018
696,Trippledex,8045026739,Felicia Koles,339 dni,23364 zł,520813,true,15.7.2014,30.1.2017
697,Tempsoft,2128518569,Devi Gallyon,442 dni,22475 zł,4279159,false,23.9.2012,26.10.2018
698,Bamity,2540274475,Ramon Traill,502 dni,48233 zł,1399194,true,12.12.2014,6.11.2019
699,Latlux,1425619173,Ximenes Howells,539 dni,32105 zł,1418157,true,9.2.2014,5.2.2019
700,Greenlam,9210550399,Demott Caddens,829 dni,53006 zł,5510745,true,10.11.2012,27.2.2019
701,Toughjoyfax,4370533846,Sianna MacDearmont,816 dni,26773 zł,6634932,false,30.1.2014,9.1.2021
702,Tresom,8516864461,Sheff Simeonov,430 dni,25626 zł,8684982,true,25.1.2013,10.11.2020
703,Treeflex,8480590057,Verge Gotcliffe,851 dni,3119 zł,7784845,true,24.1.2014,17.11.2017
704,Fix San,7822417207,Linnie Wyke,809 dni,77993 zł,2926912,true,20.1.2013,30.6.2020
705,Prodder,4206977062,Inez Scorrer,666 dni,3638 zł,486780,true,7.8.2015,6.3.2022
706,Konklux,6141797723,Vasili Piken,420 dni,99697 zł,8493890,false,19.4.2013,13.9.2020
707,Ventosanzap,1370839564,Bert Loughnan,163 dni,55280 zł,8597678,true,1.4.2014,17.4.2017
708,Tin,2005541262,Roscoe Craven,581 dni,71143 zł,7581473,false,8.12.2014,25.7.2016
709,Y-find,9383797911,Rodolphe Giriardelli,857 dni,50048 zł,6379800,false,13.8.2013,2.11.2020
710,Y-find,1759421633,Elberta Elen,877 dni,34405 zł,931941,false,17.6.2015,5.10.2021
711,Rank,5055414263,Ceil Stebbings,463 dni,56822 zł,7297849,true,15.10.2014,19.1.2018
712,Biodex,3288889208,Ephrayim Bucklee,24 dni,16826 zł,8951351,true,9.7.2015,14.8.2020
713,Bitchip,3858911044,Flint Choupin,862 dni,79609 zł,3136919,false,25.6.2015,4.8.2018
714,Andalax,7662832103,Paddy Heeley,180 dni,23614 zł,8657320,false,24.5.2014,28.5.2021
715,Fix San,9330865991,Gena Paoletti,460 dni,82986 zł,7269138,false,19.2.2013,4.12.2021
716,Biodex,5314789001,Nikolai Dulany,477 dni,40401 zł,8353039,true,16.7.2014,2.7.2019
717,Daltfresh,1702723160,Godfry Dauby,566 dni,44772 zł,194367,false,1.11.2015,5.5.2020
718,Zathin,6874288630,Torin Hought,119 dni,83394 zł,9740545,false,6.5.2013,31.12.2017
719,Toughjoyfax,460325851,Keriann Highwood,519 dni,80023 zł,6766687,true,19.1.2013,27.12.2018
720,Lotlux,6471630885,Vaclav Gout,122 dni,89669 zł,5584312,false,26.10.2012,28.2.2016
721,Aerified,8927456394,Vilma Gettins,457 dni,96263 zł,9622390,false,26.6.2013,31.8.2022
722,Lotstring,2284457314,Maribel Simenon,494 dni,56739 zł,6296497,false,15.1.2015,2.5.2018
723,Kanlam,5394869275,Vin Eubank,134 dni,86452 zł,151900,true,1.6.2014,27.3.2020
724,Zamit,619531498,Donnie Echallie,139 dni,65635 zł,7485664,false,12.3.2014,16.4.2016
725,Pannier,9340613021,Alec Caso,269 dni,65961 zł,276982,true,25.12.2013,16.9.2018
726,Stronghold,5650476197,Berry Lavery,279 dni,17134 zł,7001547,true,7.4.2014,27.7.2017
727,Flexidy,1584352427,Tatum Stieger,246 dni,89719 zł,9590701,false,12.1.2015,11.2.2018
728,Prodder,5422354599,Birdie Cassely,618 dni,97256 zł,9520774,true,26.10.2013,27.6.2018
729,Opela,1194033005,Jobina Spreull,61 dni,39860 zł,8177315,false,12.9.2012,16.8.2016
730,Holdlamis,1667528811,Wolfie Earpe,252 dni,87853 zł,7935549,false,5.11.2014,10.1.2021
731,Asoka,4395495086,Pippy Pozzi,159 dni,4613 zł,4178905,false,14.8.2012,20.5.2021
732,Latlux,7144928214,Decca Losselyong,357 dni,10425 zł,1033867,false,12.1.2015,27.3.2020
733,Wrapsafe,8779683659,Urban Cheke,202 dni,34110 zł,5983737,true,27.11.2013,8.6.2021
734,Home Ing,4561282271,Danit Dearnaly,288 dni,35826 zł,2585252,false,22.5.2013,12.10.2022
735,Zamit,7073082271,Sheila-kathryn Dorran,585 dni,71222 zł,7053755,true,10.12.2014,30.9.2018
736,Stronghold,3231361297,Barby Dyer,381 dni,20390 zł,78989,false,7.10.2012,21.12.2017
737,Alphazap,8122028907,Anstice Dillon,139 dni,10665 zł,6552120,false,8.12.2014,24.9.2019
738,Voltsillam,2592988565,Marisa Gusticke,783 dni,60331 zł,9539918,true,14.11.2014,26.8.2017
739,Viva,5306816085,Terri Dible,557 dni,39173 zł,8924743,true,1.4.2014,26.8.2019
740,Otcom,3169745050,Sue O' Mullane,520 dni,13767 zł,175224,false,8.3.2014,30.1.2021
741,Ventosanzap,2420590554,Claribel Palffrey,58 dni,94142 zł,66035,true,7.5.2015,15.12.2021
742,Bitwolf,8701929381,Llywellyn Klosges,202 dni,83311 zł,9377864,false,26.12.2014,24.8.2016
743,Lotlux,7682569405,Edgar Leimster,527 dni,5349 zł,3966217,false,1.1.2013,5.2.2017
744,Veribet,1735458855,Niles Hirtz,110 dni,34023 zł,5322033,false,28.3.2013,22.8.2019
745,Sub-Ex,7773184929,Scot Cottisford,685 dni,1667 zł,2960401,false,15.10.2012,1.5.2018
746,Bitwolf,2126742169,Giralda Fernihough,882 dni,76693 zł,5165310,false,3.11.2014,4.9.2017
747,Fix San,9712549602,Dominick Whaymand,390 dni,93659 zł,2048490,false,25.7.2015,18.8.2019
748,Alpha,579933748,Tansy Shand,366 dni,59082 zł,6516871,false,18.3.2015,4.4.2016
749,Fix San,8422577526,Weidar Heake,257 dni,18530 zł,4044472,true,6.2.2015,4.7.2022
750,Zathin,4087795175,Chaunce Attew,521 dni,53210 zł,2327309,false,19.5.2014,1.12.2019
751,Tempsoft,642620267,Murielle Sprull,651 dni,77539 zł,9433524,true,5.6.2013,25.10.2022
752,Home Ing,5861416280,Halli Gateland,316 dni,55157 zł,2821609,true,18.2.2013,2.5.2017
753,Latlux,3408709946,Esme Dolman,117 dni,84251 zł,8248404,false,20.12.2012,8.8.2018
754,Job,4624621170,Johanna Lyddyard,874 dni,37256 zł,5687456,true,16.5.2014,11.2.2021
755,Latlux,3362877773,Rhianna Bernette,271 dni,17247 zł,2163069,false,28.1.2014,17.5.2018
756,Lotlux,8253890750,Boony Atrill,770 dni,9625 zł,545668,true,8.2.2015,2.4.2019
757,Solarbreeze,6242533020,Amalea Hucquart,284 dni,58119 zł,3854742,true,4.1.2014,22.3.2020
758,Ventosanzap,4889123007,Nessie Smedley,737 dni,66850 zł,7211467,true,13.5.2014,29.4.2021
759,Tampflex,5527797464,Madelin Eddisford,782 dni,57272 zł,2761131,false,20.9.2012,24.2.2021
760,Tin,9172850912,Deloria Gulliman,264 dni,52124 zł,4123600,true,28.10.2012,24.7.2021
761,Greenlam,6962148732,Marten Ianilli,170 dni,10783 zł,3985942,true,17.11.2012,25.1.2017
762,Konklux,4602596077,Florie La Batie,417 dni,92186 zł,2947249,true,8.1.2014,3.3.2020
763,Tampflex,68214716,Donovan Kimmins,373 dni,59554 zł,1639820,false,8.9.2013,6.11.2021
764,Sonair,3529901091,Sibby Sivewright,631 dni,96205 zł,4038885,false,4.10.2014,22.9.2018
765,Domainer,6239616614,Fiorenze Warlock,140 dni,98673 zł,3822411,true,25.7.2013,3.7.2016
766,Daltfresh,3127774438,Christoper Sparks,371 dni,10971 zł,6451112,false,21.10.2014,12.3.2022
767,Bigtax,9388739862,Adella Rome,162 dni,96608 zł,9140916,true,2.11.2012,18.3.2020
768,Duobam,5752144363,Say Childers,331 dni,55481 zł,4454580,true,22.3.2014,1.1.2016
769,Sonsing,75713056,Nial Urwen,540 dni,67368 zł,2331804,true,13.4.2015,27.9.2018
770,Bytecard,978597024,Kettie Ketteman,550 dni,4165 zł,4297870,false,11.9.2012,7.6.2017
771,Span,5169071966,Burt Trenfield,133 dni,27306 zł,1587579,true,11.7.2013,24.8.2020
772,Fintone,2871463937,Forrest Champain,131 dni,41474 zł,7018540,true,17.8.2013,15.9.2022
773,Konklux,7522871226,Ladonna Aleksankov,548 dni,27518 zł,7080621,true,3.10.2015,29.1.2021
774,Vagram,5296185964,Aylmar Gennerich,822 dni,33137 zł,2011528,true,4.7.2015,10.6.2016
775,Treeflex,3218585322,Turner Drillot,497 dni,67272 zł,6565220,false,13.3.2013,28.4.2019
776,Hatity,291352353,Merl Hoodlass,98 dni,95808 zł,1111873,false,14.11.2015,19.5.2020
777,Tampflex,4479714061,Simeon Kelland,200 dni,23518 zł,864774,true,13.12.2014,13.1.2021
778,Stim,521948979,Sharai Filchagin,102 dni,77795 zł,4563001,true,1.8.2014,17.9.2018
779,Holdlamis,1138362494,Theresita Quittonden,357 dni,14057 zł,7395213,false,2.10.2014,7.7.2021
780,Y-find,4315209200,Franny Forlong,156 dni,66468 zł,7057935,true,25.12.2012,7.11.2018
781,Viva,4416102521,Sam Fee,127 dni,62752 zł,4552006,false,14.11.2013,16.2.2017
782,Prodder,8142647803,Latisha Dahmke,69 dni,59368 zł,8455382,true,20.9.2013,21.3.2022
783,Keylex,3341055110,Ange Bricklebank,6 dni,52919 zł,4009523,true,19.3.2014,27.12.2015
784,Job,8927325772,Sayre Simkiss,695 dni,36280 zł,9595409,true,2.6.2014,27.7.2022
785,Otcom,4079302361,Say MacClay,455 dni,71075 zł,3252171,true,19.8.2015,17.9.2016
786,Otcom,3017615154,Sherill Hickisson,690 dni,4349 zł,841034,false,22.3.2013,17.11.2016
787,Stim,5547414832,Catlee Skinn,538 dni,58023 zł,8535035,true,16.8.2015,25.8.2020
788,Domainer,8079332094,Quentin Kilpin,247 dni,50274 zł,6205883,false,2.5.2015,21.9.2019
789,Andalax,8950397457,Hesther Pietersen,637 dni,42060 zł,7767258,false,20.1.2014,25.9.2017
790,Fix San,6533325306,Victoir Sabie,427 dni,20970 zł,7049466,true,11.5.2014,16.5.2016
791,Quo Lux,8934749056,Otho Cappineer,278 dni,79569 zł,559710,false,23.3.2015,12.4.2019
792,Zamit,9457677375,Liz Darko,662 dni,82923 zł,5213749,false,17.7.2014,28.3.2021
793,Fix San,9090637269,Silvano Daintrey,297 dni,2712 zł,9856005,true,24.10.2015,10.5.2018
794,Toughjoyfax,3081522830,Holt Hampson,684 dni,69614 zł,2511805,true,18.11.2015,29.3.2022
795,Lotlux,5131076919,Lynn Sells,735 dni,73691 zł,709654,true,28.9.2013,24.2.2021
796,It,6338600910,Joann Pymar,378 dni,65599 zł,1791092,true,25.9.2015,1.2.2021
797,Subin,3076001179,Drona Sapsforde,559 dni,93167 zł,5631478,false,4.10.2013,17.1.2022
798,Zaam-Dox,625979776,Erma Emblin,364 dni,2125 zł,4501834,true,18.8.2013,10.7.2020
799,Konklux,2876993026,Archaimbaud Benfield,429 dni,18009 zł,8893038,true,29.12.2012,2.11.2022
800,Y-Solowarm,167797673,Thomasa Losebie,123 dni,4769 zł,6581212,true,10.9.2012,17.9.2021
801,Viva,9805861753,Aile Guillot,834 dni,3467 zł,2764402,true,16.10.2015,18.6.2021
802,Latlux,9873719473,Michele O'Cullen,315 dni,64834 zł,9641537,false,8.12.2013,20.1.2022
803,Sonsing,3093198614,Mehetabel Frontczak,157 dni,83933 zł,8826187,false,26.12.2014,9.1.2020
804,Daltfresh,6484772780,Jamesy Bortoloni,766 dni,27295 zł,5263795,false,30.9.2014,15.12.2015
805,Bitwolf,4204736812,Arabel Fisbey,824 dni,28020 zł,5831814,true,30.3.2013,29.3.2017
806,Treeflex,1985976879,Tiler Hubberstey,768 dni,87427 zł,1681004,true,22.10.2014,13.12.2021
807,Zathin,596224595,Julee Drivers,327 dni,71328 zł,9478670,true,15.5.2014,1.2.2020
808,Pannier,4538728298,Leilah Mewis,76 dni,43863 zł,6369081,true,11.2.2014,24.6.2018
809,Alphazap,3866109201,Jaquith Buckmaster,741 dni,99315 zł,2508743,true,2.2.2015,12.4.2021
810,It,3233528960,Marge Limrick,296 dni,16256 zł,1958915,true,17.9.2013,27.2.2016
811,Konklab,3839629824,Terrell Himsworth,845 dni,97463 zł,3816184,true,8.3.2013,3.4.2019
812,Namfix,6768660853,Flory Weddeburn - Scrimgeour,553 dni,67056 zł,8320074,true,29.4.2014,2.11.2019
813,Keylex,2497726102,Jolie Dumini,475 dni,81928 zł,9017540,false,26.5.2013,2.3.2016
814,Zamit,347075156,Tatiania Tournie,376 dni,92513 zł,322804,true,20.8.2014,9.12.2021
815,Stronghold,8110382124,Maxie Boyfield,775 dni,49669 zł,9660295,true,10.2.2014,4.1.2020
816,Vagram,7931063497,Carlee Leeder,802 dni,96832 zł,524988,true,5.12.2012,12.1.2018
817,Cookley,2480889426,Rodge Girardet,419 dni,95680 zł,5800964,true,13.2.2015,24.2.2018
818,Solarbreeze,5118767204,Codi Maudlin,676 dni,6669 zł,4732583,true,10.8.2013,1.4.2022
819,Asoka,7030906536,La verne Rowan,496 dni,68208 zł,5543768,false,6.6.2014,10.2.2018
820,Hatity,2665262440,Casper Esser,526 dni,59620 zł,6325676,true,14.10.2012,17.7.2022
821,Solarbreeze,1301156022,Thomasin Smitten,263 dni,48860 zł,4855947,true,21.3.2013,5.4.2020
822,Andalax,3490335836,Stan O'Rourke,62 dni,59128 zł,4971911,true,3.12.2012,21.6.2018
823,Sub-Ex,2950114974,Isahella Elmhurst,627 dni,37125 zł,8396545,false,3.1.2014,4.7.2016
824,Stronghold,2564060306,Lois Andrassy,226 dni,27690 zł,2697306,false,20.8.2014,14.4.2021
825,Fintone,4749177296,Lucina Laux,19 dni,49822 zł,4680028,true,15.1.2013,31.7.2018
826,Transcof,1357336948,Louella Waliszek,177 dni,66865 zł,672405,false,31.5.2015,12.12.2016
827,Namfix,1216258817,Laurena Yatman,723 dni,49341 zł,3608616,false,4.12.2013,7.10.2022
828,Ventosanzap,9688376377,Del Heartfield,556 dni,48810 zł,4935507,false,20.8.2013,5.1.2017
829,Konklux,5129263992,Ludovika Gilham,293 dni,8046 zł,3170402,false,14.10.2015,15.6.2016
830,Veribet,5186701080,Jackie Jansens,251 dni,44428 zł,3188529,false,23.4.2015,21.11.2016
831,Tampflex,1934969347,Brannon Hayhoe,542 dni,39126 zł,3763240,false,18.9.2013,25.4.2016
832,Viva,8377233689,Nealy Roizin,485 dni,7578 zł,995853,true,2.2.2014,22.3.2022
833,Stringtough,9889761844,Alvira Sainz,877 dni,72133 zł,3388334,true,18.9.2012,10.5.2020
834,Lotstring,1807419261,Vincent Spargo,130 dni,45983 zł,6479295,true,25.1.2014,2.8.2020
835,It,3212390855,Reginauld Hudd,382 dni,88340 zł,4024369,false,12.12.2012,13.2.2018
836,Alpha,9948656212,Pearla Marriage,286 dni,14627 zł,469553,false,6.5.2015,3.2.2017
837,Job,6575596127,Mayne Blant,550 dni,22428 zł,1987274,false,2.11.2014,9.8.2016
838,Ronstring,8736168740,Killy McPherson,439 dni,72299 zł,9540834,true,30.9.2013,18.4.2019
839,Namfix,318412051,Addy Lough,565 dni,26426 zł,8509679,false,22.1.2015,2.2.2016
840,Bitwolf,4964522071,Lethia Fasey,805 dni,46363 zł,8169937,false,28.11.2012,3.5.2016
841,Redhold,880942728,Lorita Copperwaite,482 dni,34825 zł,1207353,false,25.3.2014,26.12.2021
842,Temp,2115724490,Arlin Guerola,534 dni,572 zł,7555829,false,5.4.2014,7.5.2021
843,Sub-Ex,2198442105,Maddy Olivari,818 dni,33161 zł,958943,true,17.4.2014,4.12.2017
844,Voyatouch,6383228403,Gael Afield,656 dni,77105 zł,5856079,false,19.3.2013,14.8.2022
845,Asoka,4497807974,Sarah Rosewarne,638 dni,94566 zł,7277481,true,19.6.2015,10.3.2019
846,Otcom,3629879686,Gilberto Palk,257 dni,30042 zł,8207699,true,1.9.2012,25.5.2021
847,Zathin,6708021670,Robbi Bottleson,389 dni,5892 zł,7768729,false,22.8.2014,21.8.2018
848,Tempsoft,6980427423,Siegfried Sheirlaw,15 dni,48883 zł,4752151,false,8.10.2013,13.1.2019
849,Konklab,5422219317,Masha Breheny,493 dni,24245 zł,154053,true,6.5.2015,27.10.2022
850,Tres-Zap,5094516146,Virge Stead,324 dni,3994 zł,4089487,false,14.2.2013,14.2.2018
851,Hatity,5848134720,Yasmin Dalston,749 dni,64206 zł,7269222,true,27.11.2012,31.1.2017
852,Zontrax,1662968072,Sophie Wemyss,480 dni,84353 zł,6110793,true,9.9.2013,6.9.2020
853,Trippledex,6002504197,Cammy Tuffield,13 dni,95451 zł,3595449,false,6.4.2013,31.3.2020
854,Stronghold,2985577261,Elbertine Brand,284 dni,59085 zł,6906893,false,31.8.2012,21.7.2018
855,Temp,2799101792,Ruy Tenant,302 dni,6709 zł,2470583,true,6.1.2014,11.6.2019
856,Cardify,1460018275,Morgun Seiller,177 dni,79005 zł,9856539,false,27.6.2015,3.6.2022
857,Overhold,4318881455,Lisa Mitchley,140 dni,332 zł,1166411,false,29.12.2013,24.4.2019
858,Ronstring,4308508817,Friederike Flipek,78 dni,96394 zł,5175663,false,2.7.2013,29.5.2017
859,Ronstring,8936391653,Owen Whyborn,362 dni,86874 zł,7981800,true,10.11.2014,21.8.2019
860,Tampflex,1084126976,Willie Struis,856 dni,1734 zł,6615911,true,27.9.2013,8.5.2021
861,Span,6009694810,Gillian De Hooch,531 dni,21921 zł,4315116,false,2.6.2015,6.4.2021
862,Stim,2601274407,Lorant Yaldren,134 dni,29431 zł,2449598,true,8.2.2013,2.9.2021
863,Greenlam,4538829793,Burch Cruickshanks,884 dni,2779 zł,5443760,false,12.8.2015,26.9.2020
864,Gembucket,9316995937,Marylinda Joule,574 dni,94773 zł,1159362,true,24.4.2014,31.10.2017
865,Zathin,915770536,Devan Curcher,726 dni,98559 zł,991114,true,24.10.2012,22.10.2019
866,Sonsing,1448494055,Gavan Dring,509 dni,88689 zł,2787165,false,7.3.2013,2.7.2018
867,Opela,9515402563,Casey Weiser,334 dni,4484 zł,4486711,true,21.5.2013,6.1.2021
868,Trippledex,6297507107,Hymie Barthot,518 dni,79324 zł,17917,true,2.2.2015,9.12.2019
869,Prodder,7761895792,Beilul Kench,90 dni,32959 zł,4313970,true,23.2.2013,15.12.2017
870,Quo Lux,1773619848,Arnie Winslet,334 dni,93920 zł,2258374,false,28.5.2014,8.2.2017
871,Alphazap,6994848814,Nari Skase,400 dni,82514 zł,2443940,false,27.12.2012,18.1.2021
872,Zaam-Dox,8951550422,Kordula Lamberth,536 dni,89714 zł,1149790,true,25.9.2014,25.7.2021
873,Kanlam,7917233989,Rosalie Goter,47 dni,66944 zł,2101761,false,30.4.2015,16.8.2016
874,Asoka,2692264420,Odessa Clowney,135 dni,12790 zł,8977336,false,25.9.2014,28.2.2022
875,Fintone,2877374172,Glenda Sussams,647 dni,41312 zł,1556205,false,30.6.2013,23.11.2019
876,Fix San,5247772938,Jessee Barneveld,264 dni,67412 zł,1656462,false,3.7.2014,7.6.2016
877,Redhold,1612692285,Florinda Piccard,754 dni,41329 zł,4014721,true,10.6.2014,5.5.2022
878,Otcom,1847983237,Dick Stable,375 dni,18567 zł,54804,true,6.10.2012,8.2.2019
879,Transcof,6147421213,Stacy Wickersham,374 dni,3911 zł,2934664,true,9.10.2015,5.1.2019
880,Viva,6440141268,Estrella Bryers,90 dni,49884 zł,1130310,true,27.8.2014,28.7.2016
881,Zoolab,3169283031,Hart Sher,370 dni,23954 zł,6305953,true,7.10.2012,13.3.2022
882,Stronghold,7727813800,Florette Scarff,528 dni,29152 zł,2044193,false,13.10.2015,10.5.2018
883,Zontrax,5311602907,Erma Pinar,194 dni,43682 zł,6191358,false,18.9.2015,9.4.2018
884,Rank,914751956,Wilow Notton,397 dni,42302 zł,6672123,true,20.7.2013,23.2.2016
885,Alphazap,1546555148,Celestina Larmett,247 dni,30891 zł,9887327,false,21.12.2012,13.12.2016
886,Bamity,1371103661,Gordan Columbine,735 dni,2762 zł,2098268,false,7.11.2015,11.4.2018
887,Latlux,8434104007,Darya Duignan,252 dni,24598 zł,3115498,false,16.10.2014,20.5.2020
888,Hatity,9257010153,Bernice Derby,665 dni,24438 zł,8935693,true,13.9.2014,22.3.2022
889,Alpha,7245199679,Stanford Tupling,527 dni,39878 zł,1003530,true,5.9.2014,27.8.2018
890,Asoka,1499882972,Dugald Jerrome,425 dni,1806 zł,2222042,true,10.12.2015,20.3.2020
891,Matsoft,8567509357,Miof mela Accomb,174 dni,45240 zł,6168831,false,9.10.2013,25.11.2021
892,Bitwolf,7901469650,Brennan Scraney,238 dni,25569 zł,9966671,false,24.10.2012,21.11.2019
893,Transcof,1550721750,Audy Patrickson,251 dni,3254 zł,5703803,true,14.6.2014,13.2.2019
894,Tresom,345360380,Pepi Radwell,160 dni,98267 zł,4583215,false,5.5.2014,11.1.2018
895,Viva,5356288714,Wolf Wimsett,542 dni,37086 zł,4872554,true,20.6.2013,13.5.2018
896,Daltfresh,8561507407,Sam Anan,551 dni,70486 zł,9983716,false,25.9.2015,22.12.2018
897,Cardify,9211915294,Moina Boxall,155 dni,25892 zł,4581546,true,25.2.2015,15.8.2018
898,Opela,6386810794,Rodolfo Szimoni,373 dni,41519 zł,8489335,false,5.5.2015,14.4.2022
899,Subin,9313469003,Alyss Hearnshaw,601 dni,34009 zł,5406061,true,22.10.2012,20.7.2018
900,Voyatouch,7267812963,Wilek Smallpeace,81 dni,77033 zł,2463449,true,17.11.2014,17.10.2019
